date,year,trt_yr,yr_mon,peak,stream,ratio,mean.chla,mean.afdm,mean.bf.ratio,mean.cp,mean.cn,mean.np,se.chla,se.afdm,se.bf.ratio,se.cp,se.cn,se.np,Light,mean.light2,mean.discharge2,mean.temp2,mean.din2,mean.srp2,mean.np2,light2.z,temp2.z,discharge2.z,addN2.z,addP2.z,addNP2.z
9/10/2010,2010,PRE,2010-09,notpeak,9,2,1.681234722,0.335527778,699.8394859,1071.160664,17.38237863,60.3782241,1.398494484,0.100657219,431.8662265,307.9072878,3.938254969,4.2734157,0.253541572,0.290374747,1.544967867,17.52091632,23.9474,2,26.51319286,-1.495101441,1.457085399,-2.193462721,-1.965958744,-1.622846147,0.115380607
10/10/2010,2010,PRE,2010-10,notpeak,9,2,0.160076389,0.219101852,5.34457E+16,846.9766514,14.61272048,60.18834736,0.364830295,0.055146798,5.34457E+16,138.1500143,3.158976781,7.590258046,0.434492203,0.344016887,2.174041199,14.07323756,19.9825625,2,22.12355134,-1.264310292,0.935014665,-1.69877936,-2.148346159,-1.622846147,-0.032413515
11/10/2010,2010,PRE,2010-11,notpeak,9,2,0.418578125,0.18935,462.2792939,NA,NA,NA,0.053863542,0.00735,77.04654934,NA,NA,NA,0.783825632,0.609158918,4.089261178,10.12959572,14.7588625,2.475,13.93354087,-0.486392549,0.151591956,-0.783839594,-2.453685568,-1.461316719,-0.409937211
12/10/2010,2010,PRE,2010-12,notpeak,9,2,0.441291667,0.096518518,9.0382E+16,NA,NA,NA,0.299366104,0.012960304,9.0382E+16,NA,NA,NA,0.689390009,0.736607821,6.282227846,6.035592356,13.2077125,2.6104125,11.36351352,-0.227748806,-1.082075036,-0.16203929,-2.565579713,-1.42093849,-0.576423275
1/10/2011,2011,PRE,2011-01,notpeak,9,2,0.395864583,0.045018444,215.3382552,487.6970769,9.886809535,42.152462,0.195443152,0.011860672,140.3190348,298.0395233,5.07949308,7.138607193,0.623509753,0.656449881,6.288000981,3.163567541,20.9977125,2.270825,12.59385513,-0.384600664,-2.621155274,-0.160709058,-2.098412761,-1.52658032,-0.492481521
2/10/2011,2011,PRE,2011-02,notpeak,9,2,1.046445313,0.099270833,172.9980381,213.895924,6.93667301,31.3773668,0.302693152,0.015218464,100.515371,55.37327859,0.348559978,8.825775409,1.480551144,1.052030449,5.364278328,3.807589136,25.44125,3.247,14.86817502,0.257502136,-2.179674117,-0.390801276,-1.9049827,-1.25552039,-0.356923891
3/10/2011,2011,PRE,2011-03,peak,9,2,0.908541666,0.100509259,137.3283398,127.9429579,3.346750661,30.51502317,0.306044236,0.010081437,39.72009541,68.7341854,1.105259702,14.18351854,2.632755369,2.056653256,7.063185361,6.225520588,18.34625,3.20725,12.63862015,1.170162121,-1.008255582,0.007648597,-2.234435988,-1.264857422,-0.489584253
4/10/2011,2011,PRE,2011-04,peak,9,2,2.419316667,0.148648347,53.72094398,523.4190439,11.70178261,36.78989484,0.525285171,0.035498597,14.81957069,400.2583239,5.636761929,16.48316771,3.695435675,3.164095522,8.079209195,8.794695524,13.42875,3.668625,8.382116944,1.756658093,-0.185095939,0.202283778,-2.548855477,-1.162976894,-0.824903235
5/10/2011,2011,PRE,2011-05,peak,9,2,1.98737,0.073394444,50.11862863,247.1630501,6.439196311,37.26584347,0.655618603,0.0058805,18.54801821,56.16314689,0.760083784,3.996509424,0.593075314,2.144255494,5.620716988,10.97767402,11.9675,4.16975,6.355168604,1.226951503,0.343156099,-0.32317406,-2.664941997,-1.065920352,-1.050948598
6/10/2011,2011,PRE,2011-06,peak,9,2,0.929957292,0.1194875,137.5601926,627.9123028,9.685573701,53.34124507,0.108085499,0.02060872,35.96687776,417.7586993,1.344697682,30.23392069,0.480809965,0.536942639,3.248259231,13.89639086,NA,NA,NA,-0.658191291,0.904885124,-1.11728086,NA,NA,NA
7/10/2011,2011,PRE,2011-07,notpeak,9,2,3.182491667,0.118277778,78.81382022,523.3058188,12.38871608,40.55042084,1.427884525,0.010984136,32.97672316,139.9054494,2.470536042,3.865086604,0.304784796,0.39279738,1.767542727,16.75619731,NA,NA,7.476489427,-1.083777497,1.35075776,-1.998553368,NA,NA,-0.918264465
8/10/2011,2011,YR1,2011-08,notpeak,9,2,0.79043125,0.399401807,560.888317,594.0187619,10.8467665,49.77522755,0.327607639,0.110600758,196.142574,350.7117026,2.73683835,19.7740913,0.425671766,0.365228281,0.716093581,17.92567742,110.6627163,126.9276483,8.323235071,-1.182852136,1.51150052,-3.307053673,-0.423596627,1.523303064,-0.83065945
9/10/2011,2011,YR1,2011-09,notpeak,9,2,3.144852083,0.121796296,474.4069922,146.8163998,7.715335742,18.63135259,2.778807049,0.004603221,158.0372964,41.12938255,0.437584316,4.481682925,0.23876823,0.332219998,0.714901386,16.85914556,116.1987105,112.8845207,3.247591891,-1.311815906,1.365351253,-3.309466735,-0.374407614,1.434423521,-1.599138743
10/10/2011,2011,YR1,2011-10,notpeak,9,2,0.557455209,0.140277778,517.2106298,216.1506786,5.725669454,38.40082283,0.16185798,0.026696569,293.078185,17.73311331,0.702001543,3.194227497,0.588379904,0.413574067,1.090903996,12.86287137,121.7347046,98.84139308,3.243278848,-1.013604583,0.720749811,-2.69743163,-0.327508409,1.333721096,-1.600223893
11/10/2011,2011,YR1,2011-11,notpeak,9,2,0.22973125,0.101825,443.0176564,199.2988329,6.580189498,30.93138159,0.001297917,0.009425,38.52327384,57.43752193,0.399348738,10.60606691,0.834266698,0.711323301,2.566216518,8.973905914,135.5181623,121.2689211,3.189041265,-0.275302383,-0.137034018,-1.458602527,-0.219424519,1.488732196,-1.613994472
12/10/2011,2011,YR1,2011-12,notpeak,9,2,0.509648611,0.135375,277.0346596,321.6704377,7.386995884,44.46275934,0.060141474,0.048967258,109.367688,9.677813566,0.659226412,3.689768841,0.841155005,0.837710852,6.268540408,7.549422043,102.2117466,93.65064658,3.255381958,-0.052642467,-0.548862028,-0.165198009,-0.503646049,1.292829471,-1.597182428
1/10/2012,2012,YR1,2012-01,notpeak,9,2,0.1246,0.03055,5.55556E+15,262.4927589,8.426639358,31.12358531,0.062462029,0.003863612,5.55556E+15,13.20579491,0.130999462,1.186317956,0.875767421,0.858461213,7.466382173,7.026836651,128.6745476,90.32918043,3.231582175,-0.019329781,-0.719774531,0.088044681,-0.271641144,1.265456695,-1.603174026
2/10/2012,2012,YR1,2012-02,notpeak,9,2,0.962188889,0.109972222,319.2438025,NA,4.360833833,NA,0.580247304,0.033590869,191.531668,NA,0.599316194,NA,1.304285536,1.090026479,5.137857716,6.253256562,138.3118732,103.6368691,3.105438482,0.305806347,-0.997664299,-0.453255901,-0.198862661,1.369633673,-1.635686274
3/10/2012,2012,YR1,2012-03,peak,9,2,2.532559896,0.079590278,35.94246681,NA,NA,NA,0.565521762,0.006783045,6.997977522,NA,NA,NA,2.380384329,1.842334933,3.480938479,7.509226363,73.71829079,84.41360534,2.156510976,1.020339434,-0.561581552,-1.017090366,-0.832947161,1.214114346,-1.933449638
4/10/2012,2012,YR1,2012-04,peak,9,2,2.106194271,0.082361111,44.52101263,241.8169461,7.057445039,34.29013877,0.401670216,0.009821595,10.2820378,5.842053283,0.158829762,0.839733885,2.562320468,2.471352399,2.704311724,9.889701077,94.30189449,74.17909689,4.596144131,1.420241056,0.094487635,-1.382695348,-0.584808897,1.116142839,-1.315550032
5/10/2012,2012,YR1,2012-05,peak,9,2,25.4106125,0.107,6.566746829,190.7864067,7.348590411,26.31696672,9.231164257,0.018795083,2.992446478,12.24302879,0.572557726,2.154809004,0.457256138,1.509788303,2.32052566,11.78030424,102.5982881,76.93895198,4.072159872,0.749322997,0.511283479,-1.604347937,-0.499842471,1.143833305,-1.414387844
6/10/2012,2012,YR1,2012-06,peak,9,2,63.95743958,0.962233333,13.64539074,388.529112,7.775458846,48.99847163,10.2326954,0.194016574,0.945534584,98.5722303,0.481005243,9.462949946,0.284834337,0.371045237,1.528617142,13.73515424,71.65594271,74.19184596,2.737358977,-1.161339289,0.877079035,-2.208871026,-0.861539559,1.116273108,-1.738702472
7/10/2012,2012,YR1,2012-07,notpeak,9,2,1.362163542,0.059691875,74.27100049,194.8623801,8.712435582,22.35718464,0.439076307,0.003634252,37.03347785,17.8266736,0.442666194,1.752542818,0.251337345,0.268085841,2.124146397,15.73766398,67.46249881,66.68452051,3.92380363,-1.603833898,1.201343283,-1.732403286,-0.922306116,1.035406217,-1.444691433
8/10/2012,2012,YR2,2012-08,notpeak,9,2,0.77875,0.07513625,95.70626004,237.5148297,8.533082108,27.94643435,0.049976815,0.010522587,10.85226858,12.61534992,0.399829721,1.682973128,0.273183612,0.262260479,2.95282326,16.63278982,66.3066687,85.50414931,3.326727086,-1.633743668,1.333145434,-1.255377706,-0.939720002,1.22384456,-1.579480301
9/10/2012,2012,YR2,2012-09,notpeak,9,2,1.318683333,0.0844,86.2760836,57.72208009,5.73358356,9.912761667,0.59185,0.014377778,49.6254684,NA,0.089423391,NA,0.202396634,0.237790123,2.290193541,15.88962584,67.127378,80.78725098,5.082953677,-1.767097526,1.224238904,-1.623402514,-0.927324187,1.180830022,-1.233344697
10/10/2012,2012,YR2,2012-10,notpeak,9,2,0.301116667,0.08294,275.4414122,196.1370527,7.774948998,25.22679605,NA,NA,NA,NA,NA,NA,0.5325278,0.367462217,3.597807403,13.71173925,76.84828422,89.51336512,2.129060032,-1.174550116,0.873013878,-0.969266887,-0.791046166,1.258579451,-1.94391041
11/10/2012,2012,YR2,2012-11,notpeak,9,2,0.508783333,0.139922222,193.6864626,145.1355924,6.0688914,23.64347803,NA,0.041377778,NA,30.74385875,0.635042557,2.591782087,0.952642588,0.742585194,4.874582134,9.90657258,81.08064385,96.54619602,2.301109754,-0.216745578,0.098548765,-0.529433936,-0.737024026,1.315911461,-1.880456076
12/10/2012,2012,YR2,2012-12,notpeak,9,2,0.214805208,0.071,331.7281971,229.3513041,23.40648007,11.54554534,0.01024039,0.019886008,80.56299728,84.49513546,9.531538247,5.230659964,0.797817923,0.875230256,5.960206605,7.391194062,71.50788743,83.03346923,2.266669577,0.007008185,-0.599329026,-0.238242963,-0.863623751,1.201618484,-1.892769468
1/10/2013,2013,YR2,2013-01,notpeak,9,2,0.607425,0.047916667,NA,NA,9.208192768,NA,NA,NA,NA,NA,NA,NA,0.717809524,0.757813724,9.4064935,6.927618707,63.25985693,79.72418086,1.787379106,-0.189108102,-0.753655912,0.422564278,-0.987120161,1.170789083,-2.086748508
2/10/2013,2013,YR2,2013-02,notpeak,9,2,0.277754167,0.055611111,389.5131087,NA,NA,NA,0.134983334,NA,NA,NA,NA,NA,2.374065151,1.545937338,12.95013068,6.186515212,92.68075773,78.15315182,1.619634428,0.781536269,-1.023230323,0.885562444,-0.602282245,1.155702503,-2.167218765
3/10/2013,2013,YR2,2013-03,peak,9,2,0.701091319,0.140481482,326.3777427,158.7617679,7.983837997,19.78382893,0.223218294,0.042675266,138.9402303,19.13185416,0.692553697,1.104786842,2.644382365,2.509223758,8.980612027,5.192674344,94.73517798,60.65815061,4.217849387,1.440945898,-1.440474143,0.355465897,-0.580189632,0.96360722,-1.38568485
4/10/2013,2013,YR2,2013-04,peak,9,2,4.89444375,0.080237037,23.32053544,357.1792516,9.24202355,38.84088983,1.241715593,0.023821011,6.688423051,180.1361349,0.390362558,19.8219318,3.420740424,3.032561394,4.129816593,6.97030218,66.70287317,58.80614414,2.312508073,1.698851355,-0.73902108,-0.76954775,-0.933716775,0.94010271,-1.876421394
5/10/2013,2013,YR2,2013-05,peak,9,2,36.02237917,0.203114815,7.745973427,171.7557525,7.945850513,27.49668456,10.0822375,0.033716894,0.370213963,24.35419567,2.910738181,10.05049029,1.261784687,2.341262555,4.899388261,10.01231535,70.90861504,85.16512524,2.379031401,1.346620294,0.123845596,-0.522082912,-0.872104094,1.220833026,-1.853263615
6/10/2013,2013,YR2,2013-06,peak,9,2,39.71625,0.186277778,5.403325416,279.500226,6.252350821,45.54313869,7.394218986,0.020987042,1.229099471,77.65215021,0.262288219,14.22901287,0.254552262,0.758168474,3.73431027,12.51984747,93.82226025,101.3988684,2.867898715,-0.188470924,0.656349326,-0.915337994,-0.589947126,1.353085124,-1.700662964
7/10/2013,2013,YR2,2013-07,notpeak,9,2,8.372860417,0.107611111,48.0185483,300.5953045,6.566959222,45.7367408,4.500826368,0.006920724,24.83447375,24.43799028,0.423482777,1.693011623,0.302676672,0.278614467,4.387114465,13.95309995,107.9705899,90.31015723,2.329706122,-1.55138839,0.914588268,-0.682020312,-0.448413553,1.265297039,-1.870371258
9/10/2010,2010,PRE,2010-09,notpeak,10,8,0.239141146,0.254291667,-1.35738E+17,223.7589713,11.18185172,19.6739525,0.080722304,0.015723226,1.35738E+17,52.08213955,1.64281786,3.661427662,0.864971099,0.586683857,14.26331635,15.11333511,27.928775,2,30.92114375,-0.537573712,1.104898234,1.025437088,-1.810981858,-1.622846147,0.240963135
10/10/2010,2010,PRE,2010-10,notpeak,10,8,2.571172917,0.181798611,134.9678446,534.6183982,11.82168009,39.68413639,1.64693317,0.054920045,59.63943518,265.4332819,1.639711716,15.50484499,0.328805347,0.596888223,15.78861167,12.79328824,33.4147375,2,36.99488795,-0.514097161,0.707826023,1.172571387,-1.630267387,-1.622846147,0.387401619
11/10/2010,2010,PRE,2010-11,notpeak,10,8,0.502942708,0.2093125,349.117175,NA,NA,NA,0.108769108,0.097625527,112.2017924,NA,NA,NA,0.369776379,0.349290863,21.07045526,9.88167886,44.45035,2,49.2128875,-1.243596831,0.09255418,1.590497619,-1.342703699,-1.622846147,0.620423303
12/10/2010,2010,PRE,2010-12,notpeak,10,8,0.824177084,0.06775,76.68985192,NA,NA,NA,0.195985417,0.034138889,23.18530424,NA,NA,NA,0.462053509,0.415914944,24.96583074,6.841742367,126.34665,2.0182625,137.8713946,-1.005920337,-0.783375435,1.836165137,-0.290038125,-1.615955866,1.461598262
1/10/2011,2011,PRE,2011-01,notpeak,10,8,0.21415625,0.020587,103.670412,1655.988159,40.73478705,53.2980749,0.01946875,0.015743,82.93632959,815.7850352,13.61310635,37.83835656,0.397293788,0.429673648,22.58428259,4.876841398,188.38165,2.5077625,174.885793,-0.96161164,-1.589983296,1.690977268,0.112464913,-1.451348327,1.655781907
2/10/2011,2011,PRE,2011-02,notpeak,10,8,4.051122396,0.111203703,44.2304261,280.3485086,7.497995551,37.25571441,1.195259505,0.032281468,18.22648297,114.2645339,1.783845091,11.19189106,0.790733525,0.594013657,19.14665438,5.462809944,171.9175,2.94025,129.4712249,-0.520669644,-1.319643202,1.451841249,0.020308503,-1.330744167,1.410268169
3/10/2011,2011,PRE,2011-03,peak,10,8,2.6789,0.099722222,40.0973937,3396.576007,18.95379725,175.3020579,0.767805932,0.012491767,14.35689049,2006.159704,0.489655747,102.4593323,1.761540215,1.27613687,19.9059371,7.129685616,183.415,3.038625,133.4798554,0.520419403,-0.6851545,1.508161861,0.085541456,-1.305797273,1.435166138
4/10/2011,2011,PRE,2011-04,peak,10,8,4.30259375,0.177568722,120.2406082,429.4370354,12.66131232,33.73292803,2.054422105,0.072620111,95.38414634,63.33906017,0.865351579,2.697051995,1.846374167,1.803957191,24.63898787,8.82729328,165.1475,3.444125,108.4334906,0.991679431,-0.176281194,1.817080654,-0.020175209,-1.210843772,1.26547736
5/10/2011,2011,PRE,2011-05,peak,10,8,7.985432291,0.108354167,26.64121407,154.9665621,6.449580709,24.75908598,2.621521012,0.027116698,16.12988131,13.60345252,0.681116836,2.883671697,1.374164224,1.610269195,23.30606439,10.35642786,133.23,3.7125,79.46378066,0.837043947,0.204356371,1.736536814,-0.236583786,-1.15396509,1.011666585
6/10/2011,2011,PRE,2011-06,peak,10,8,2.602755556,0.1583,260.5671482,168.7858187,8.161809976,19.54225185,1.863650054,0.037000405,172.6108461,93.62671742,1.2059161,9.196510212,1.405602484,1.389883354,18.27429087,12.4087414,NA,NA,NA,0.63666339,0.635111043,1.384307569,NA,NA,NA
7/10/2011,2011,PRE,2011-07,notpeak,10,8,1.885872917,0.060305556,55.52066109,715.9054915,14.39611956,50.6358582,1.102294525,0.01998906,24.67178166,285.942937,3.726557281,17.45425979,0.778037753,1.091820118,16.77704959,14.40346721,291.9052616,100.6574302,7.318702041,0.308044776,0.990276112,1.260510463,0.55378197,1.347522028,-0.935681625
8/10/2011,2011,YR1,2011-08,notpeak,10,8,1.427059375,0.222928615,474.2893374,480.7383917,8.250684464,59.9858328,1.048931023,0.029818583,222.7294812,18.03831243,1.07627622,6.634587056,0.375394441,0.576716097,13.49909555,15.21393549,232.0369187,85.52450243,6.741420522,-0.560903533,1.120705047,0.945687146,0.322489394,1.224024976,-1.002770726
9/10/2011,2011,YR1,2011-09,notpeak,10,8,2.634770833,0.139074074,210.9881848,168.3886019,8.891440995,19.18953716,2.103279198,0.023004927,116.026705,20.72987405,0.61459525,2.987416632,0.24256234,0.308978391,12.66688793,14.63875668,167.6043313,56.52135065,5.108906287,-1.410556623,1.028882449,0.853536135,-0.005294978,0.910063884,-1.229186187
10/10/2011,2011,YR1,2011-10,notpeak,10,8,1.554255208,0.1125,102.5588764,172.1165237,6.534732059,27.12536251,0.643884737,0.010419444,59.48084982,31.86296368,1.486590869,1.888540125,0.26640663,0.254484485,16.33595937,12.22175668,142.352493,45.02884227,5.879135774,-1.674721093,0.598935277,1.221925912,-0.169846655,0.73775385,-1.114523565
11/10/2011,2011,YR1,2011-11,notpeak,10,8,1.239077778,0.14725,195.2915999,176.1545767,7.226949719,24.47026283,0.589151875,0.044932904,123.8638952,4.687442345,0.269176883,1.400199641,0.436307733,0.351357181,23.84398248,9.594434949,182.4830066,48.57547863,5.365171788,-1.235566549,0.022270179,1.769582278,0.080408108,0.795223791,-1.18922207
12/10/2011,2011,YR1,2011-12,notpeak,10,8,0.623648958,0.080958333,217.5851603,305.283364,7.815969881,39.41806201,0.321671087,0.014403385,66.82715842,45.55639611,0.167941899,6.647704026,0.379531562,0.407919647,25.89833982,8.428402689,349.6563051,53.47103687,14.6533022,-1.032346884,-0.286454187,1.889271768,0.735687361,0.86801008,-0.368810563
1/10/2012,2012,YR1,2012-01,notpeak,10,8,0.354006771,0.08259375,287.3194219,202.7649005,7.622602843,22.1941971,0.134049697,0.013910691,52.9695024,41.80537505,0.220360723,4.450307834,0.417850491,0.398691026,22.08043963,7.661072138,355.5303779,52.27224066,18.92847045,-1.063501616,-0.51388362,1.658302843,0.752475098,0.850822164,-0.159774303
2/10/2012,2012,YR1,2012-02,notpeak,10,8,0.641603472,0.066314815,165.2696036,NA,4.237269835,NA,0.296645504,0.011523564,79.34225334,NA,1.03834731,NA,0.598084331,0.507967411,19.03228321,7.045342438,256.8714664,45.95308558,14.73783144,-0.733716431,-0.713508061,1.44316458,0.424948279,0.753155178,-0.364113774
3/10/2012,2012,YR1,2012-03,peak,10,8,23.65647813,0.117069445,5.325987936,NA,NA,NA,6.577248116,0.021237262,0.495418892,NA,NA,NA,1.407758513,1.002921422,13.95264984,8.173205784,254.8532073,36.0611178,16.91538164,0.192418082,-0.359708956,0.993545507,0.416999696,0.569406168,-0.25158953
4/10/2012,2012,YR1,2012-04,peak,10,8,8.990019793,0.137,38.042515,242.3886234,7.096645609,34.18153364,3.302045252,0.025262523,26.23009604,20.82603187,0.050400811,3.04219019,1.296848369,1.352303441,10.94419769,9.799816129,197.1297101,36.98725029,15.06024653,0.599345407,0.072734023,0.64183527,0.158204901,0.588628139,-0.346443094
5/10/2012,2012,YR1,2012-05,peak,10,8,91.67964166,0.289402778,4.534859311,246.6297545,6.851539976,35.82674125,32.83556778,0.048153494,1.379422704,24.58273026,0.146094897,2.812371192,0.659488776,0.978168572,10.71689509,11.00832806,188.3312556,52.0308058,7.423418934,0.158394829,0.349799924,0.611440493,0.112195313,0.847312902,-0.924081217
6/10/2012,2012,YR1,2012-06,peak,10,8,84.73838333,0.33853,4.213472929,242.3148762,7.643605054,31.79929139,13.20968548,0.03742931,0.581163894,23.74694355,0.203254344,3.286585282,0.7780588,0.718773788,9.999045998,12.2651614,160.9121272,49.2159441,9.068416187,-0.261116535,0.607381834,0.511034095,-0.046354987,0.805152967,-0.760643625
7/10/2012,2012,YR1,2012-07,notpeak,10,8,13.16347083,0.06449875,10.82033937,215.3857256,8.003769963,28.48405647,5.951803556,0.01407158,4.708321922,42.3962491,0.522034366,8.151093996,0.509150866,0.643604833,10.43724369,13.67393979,110.4540339,41.23359596,9.56967873,-0.411504888,0.866436712,0.57314868,-0.42549863,0.671010082,-0.716711959
8/10/2012,2012,YR2,2012-08,notpeak,10,8,1.303108334,0.064985,67.87720704,366.1162505,7.91777482,48.22443089,0.488357136,0.010344498,17.20856655,75.08242413,0.29156201,11.30134063,0.241380717,0.375265792,11.17417308,14.27057759,136.6944197,38.47860469,10.2634171,-1.145940502,0.968191913,0.671951656,-0.210716011,0.61859208,-0.659565197
9/10/2012,2012,YR2,2012-09,notpeak,10,8,2.256644444,0.065979167,53.07056658,120.3484213,6.430128948,18.94769644,1.132141824,0.009454029,27.19783594,3.991234166,0.396035672,1.400556219,0.201873989,0.221627353,9.984751486,13.87150448,132.4694076,30.66306145,14.8781109,-1.862931563,0.90061446,0.508962283,-0.242352905,0.446487914,-0.356378406
10/10/2012,2012,YR2,2012-10,notpeak,10,8,0.1946875,0.1024,493.0979125,160.0893968,5.687274448,28.14870255,0.012979167,NA,NA,NA,NA,NA,0.28613331,0.24400365,14.83441217,12.57665269,135.1200914,32.10190073,10.71002016,-1.731979243,0.667135125,1.082291562,-0.222388794,0.481248184,-0.624785408
11/10/2012,2012,YR2,2012-11,notpeak,10,8,0.465519445,0.130122222,398.4305328,92.42898699,6.537861304,14.32079796,0.162589355,0.019401416,186.3682864,31.47315265,0.123267929,5.078158817,0.396253497,0.341193404,19.2994463,9.896969355,141.8878698,35.80668702,6.819014102,-1.275530376,0.096238027,1.46335215,-0.17314095,0.564038952,-0.99342601
12/10/2012,2012,YR2,2012-12,notpeak,10,8,0.355953646,0.0553125,169.609416,193.68334,14.57315168,13.09051097,0.054477401,0.005452856,33.24035039,33.33227201,1.881681516,0.81680642,0.513738878,0.454996188,18.05543225,7.930685341,132.1504077,37.02905773,7.913327486,-0.883650727,-0.431476292,1.36685876,-0.244782396,0.589484463,-0.871897048
1/10/2013,2013,YR2,2013-01,notpeak,10,8,0.592498958,0.034731945,60.68307485,277.3388469,14.37107286,23.2758399,0.038244519,0.007335566,15.94405849,75.49333279,6.460617394,4.294103978,0.447457355,0.480598117,23.30700834,7.554243151,158.1261053,38.34523259,12.69380927,-0.809121643,-0.547340986,1.736595468,-0.063954463,0.615960107,-0.486026413
2/10/2013,2013,YR2,2013-02,notpeak,10,8,0.234490278,0.043372222,206.5275553,NA,NA,NA,0.04451768,0.00461094,61.0327198,NA,NA,NA,0.662093344,0.55477535,23.74462005,7.184593909,161.4780778,38.94270293,9.170872656,-0.613709962,-0.666875727,1.763534736,-0.042817099,0.627680045,-0.75146991
3/10/2013,2013,YR2,2013-03,peak,10,8,6.256840917,0.081638889,38.02601691,182.8069088,7.139914098,26.25268541,3.965264477,0.014926802,20.68377343,48.57123739,0.358821086,8.019947917,1.372884689,1.017489016,15.50716264,6.519975071,129.7970807,37.83573927,9.09909838,0.212051142,-0.898148518,1.146522766,-0.262888568,0.605820748,-0.757885586
4/10/2013,2013,YR2,2013-04,peak,10,8,89.91116533,1.627166667,12.78081698,125.3718914,7.691511366,16.40398957,27.52316118,1.315087664,7.476733496,18.94477185,0.314984949,2.701409837,1.904039949,1.638462319,12.06831366,7.761319527,165.2346003,38.07212317,7.221336564,0.860674424,-0.482909148,0.783431558,-0.019643897,0.610541863,-0.946617541
5/10/2013,2013,YR2,2013-05,peak,10,8,186.4768792,0.506555556,3.294744705,154.8701112,23.95310332,6.230445111,71.58597169,0.12862417,0.523006168,71.65792901,5.021134266,3.183061629,1.638615503,1.771327726,12.7957369,9.834921956,195.8352958,40.0319435,13.11608491,0.966828448,0.081253854,0.868192978,0.151566433,0.648591087,-0.459305101
6/10/2013,2013,YR2,2013-06,peak,10,8,46.58871875,0.184034722,4.619512599,242.0135762,6.782172857,36.27833179,11.98934654,0.021408271,0.903612563,48.84578616,0.253367023,8.210945632,0.782835055,1.210725279,11.13203606,11.40024574,150.8503489,36.51633905,15.01919246,0.448782729,0.433149114,0.666480268,-0.111420172,0.578915248,-0.348672022
7/10/2013,2013,YR2,2013-07,notpeak,10,8,3.059622222,0.082833333,69.14433876,410.2305035,8.683076746,49.00517445,1.41318061,0.009297371,47.46403726,77.984447,2.282239362,4.237885745,0.607884943,0.695359999,17.0966273,12.52240908,139.7994681,32.19694004,8.007176686,-0.306203719,0.65683676,1.287837089,-0.188082704,0.483489032,-0.862270114
9/10/2010,2010,PRE,2010-09,notpeak,8,16,3.493991667,0.28187037,216.9906662,459.520173,13.79071179,33.41273705,2.883970834,0.083817615,146.8402589,102.7504706,3.132731384,0.316615623,0.703256506,0.508312143,5.570776688,16.08030598,25.3973125,2,28.11845313,-0.732792796,1.252660297,-0.336098893,-1.906724464,-1.622846147,0.163379962
10/10/2010,2010,PRE,2010-10,notpeak,8,16,0.641170833,0.110708334,224.7191015,333.9251858,8.74441609,38.22938495,0.184834301,0.012791667,96.30818657,78.18933979,0.040409209,9.118294256,0.357447464,0.530351985,6.660460573,13.48092997,24.04406875,2,26.62021897,-0.675005714,0.832566692,-0.077371687,-1.961899272,-1.622846147,0.118670121
11/10/2010,2010,PRE,2010-11,notpeak,8,16,0.77485625,0.096975,167.7367577,NA,NA,NA,0.164613838,0.018785816,74.67335548,NA,NA,NA,0.330502074,0.343974769,9.312563794,10.19078848,21.0704125,2,23.3279567,-1.264476986,0.165941758,0.408030397,-2.09492996,-1.622846147,0.01087127
12/10/2010,2010,PRE,2010-12,notpeak,8,16,0.783076389,0.117847223,225.9080913,NA,NA,NA,0.216449197,0.015249289,111.8409227,NA,NA,NA,0.561905722,0.446203898,11.48696883,5.979060826,30.9279125,2.0492,33.14082354,-0.910216763,-1.104496252,0.711933758,-1.708198267,-1.604424465,0.297570527
1/10/2011,2011,PRE,2011-01,notpeak,8,16,0.458597222,0.050080296,110.9108845,579.0830709,12.27945017,39.34830422,0.082542239,0.012475629,29.01373803,405.5289725,6.630786979,8.286089472,0.391693055,0.476799389,11.24417812,3.132460182,64.6454125,2.0984,44.7477185,-0.819925539,-2.644699071,0.680996187,-0.965287865,-1.586439871,0.542757732
2/10/2011,2011,PRE,2011-02,notpeak,8,16,2.805122396,0.113451389,48.15583021,217.7623385,7.841703973,26.76322343,0.568313473,0.018766208,15.06339811,90.49268288,2.852089918,1.629050389,0.7225658,0.557129428,10.16768919,3.767413295,67.32125,2.2675,46.63671444,-0.607945137,-2.204947463,0.535255666,-0.924418118,-1.527691049,0.576519865
3/10/2011,2011,PRE,2011-03,peak,8,16,0.963703125,0.162222223,212.1455329,226.3171657,8.538674995,24.55658294,0.328675667,0.032517258,65.17661461,102.2871888,1.87734392,9.12353147,1.359283573,1.040924687,11.2039741,5.764686984,58.86375,3.0365,43.67489006,0.24305357,-1.191490348,0.675808804,-1.059697865,-1.306327565,0.522942577
4/10/2011,2011,PRE,2011-04,peak,8,16,1.630507813,0.115973625,89.57967414,357.1268975,11.75243423,30.0939884,0.381410274,0.028497162,30.43142594,97.28834895,1.922345315,4.919871155,1.618914815,1.489099194,10.60041505,8.274495789,42.995,5.216,23.03312358,0.730537585,-0.330363334,0.595614083,-1.376247923,-0.896218285,0.000485523
5/10/2011,2011,PRE,2011-05,peak,8,16,1.812540625,0.046544445,40.03024044,211.5706301,8.279719432,25.57442397,0.96884321,0.00817666,9.687676625,46.80987486,1.449336105,2.710532273,0.653049363,1.135982089,6.481847333,10.40363406,16.02,6.6265,5.35318149,0.362028264,0.215191838,-0.116738271,-2.37106275,-0.714788707,-1.191048955
6/10/2011,2011,PRE,2011-06,peak,8,16,1.403696875,0.082875,160.4406829,280.8680995,8.634953259,32.25507572,0.952699936,0.024066206,88.97098681,78.91531964,0.102301053,8.63684302,1.273926487,0.963487925,3.690186329,12.73873441,NA,NA,NA,0.137806869,0.697644397,-0.93255158,NA,NA,NA
7/10/2011,2011,PRE,2011-07,notpeak,8,16,0.867657292,0.068814815,146.5854756,932.309542,9.535961988,99.78915052,0.609617863,0.009670834,73.0231398,9.424352562,1.310816308,14.70534368,0.967444228,1.120685357,3.419592954,14.94779893,340.7351212,53.22495389,27.36019858,0.343570888,1.078657956,-1.042839983,0.70964393,0.864513477,0.14105836
8/10/2011,2011,YR1,2011-08,notpeak,8,16,0.433504167,0.135867356,253.0686638,562.9035791,11.39043357,50.36558,0.129696451,0.021794423,14.88639135,197.1318352,0.546655623,19.72396059,0.863420651,0.91543244,4.991588425,16.01764517,356.8382641,52.41847808,25.24164006,0.068150386,1.243357881,-0.495082893,0.756175191,0.852939855,0.075249596
9/10/2011,2011,YR1,2011-09,notpeak,8,16,0.663235417,NA,NA,NA,NA,NA,0.663235417,NA,NA,NA,NA,NA,0.96762307,0.915521861,7.596893664,15.48856707,274.0818786,38.65010526,17.916967,0.068283369,1.163330082,0.113140373,0.490296534,0.621963107,-0.20461806
10/10/2011,2011,YR1,2011-10,notpeak,8,16,0.617159375,0.108074074,172.6413409,220.8618962,6.473947714,35.55817837,0.157614955,0.020274793,33.7338051,40.33104776,1.478954875,5.323585202,0.40982291,0.68872299,6.536216486,12.74238965,313.2639862,35.27044467,15.8406148,-0.319260792,0.698327953,-0.10464155,0.624940309,0.552600915,-0.305192465
11/10/2011,2011,YR1,2011-11,notpeak,8,16,0.259258854,0.136183333,561.7977536,434.5161122,14.25526067,35.73039872,0.065366514,0.015944966,181.0605289,186.8370634,7.474211168,9.253624475,0.512647629,0.46123527,5.149999768,9.637585485,400.9655991,39.86099865,18.05187664,-0.865108819,0.032961675,-0.449837474,0.873662075,0.645347241,-0.198492755
12/10/2011,2011,YR1,2011-12,notpeak,8,16,0.440426389,0.080648148,274.6566791,229.3117373,8.380180413,27.97923779,0.257508469,0.016281485,78.71616381,80.56636434,0.267317374,10.74342908,0.58793093,0.55028928,6.336345511,7.655746774,409.07072,43.69972291,17.47985399,-0.624763798,-0.515540371,-0.149617321,0.89382792,0.715042391,-0.224785964
1/10/2012,2012,YR1,2012-01,notpeak,8,16,1.123346875,0.05005,62.1187801,279.464867,7.567529347,36.97086516,0.391026163,0.007174085,17.93807296,15.61404228,0.195115947,2.074202211,0.457457124,0.522694027,5.445942807,6.173975134,422.1951823,49.19186111,21.30553013,-0.694807552,-1.028064707,-0.368920342,0.925649706,0.804781951,-0.063177635
2/10/2012,2012,YR1,2012-02,notpeak,8,16,0.972788542,0.065833333,73.56875327,NA,2.828538838,NA,0.169179094,0.007224893,13.53129202,NA,1.073523182,NA,0.567710475,0.5125838,4.470121771,5.540826636,343.3717211,44.9866196,13.74547478,-0.721399493,-1.285857338,-0.654875315,0.717411217,0.737042734,-0.421033448
3/10/2012,2012,YR1,2012-03,peak,8,16,4.496632292,0.083513889,22.72286957,NA,NA,NA,1.527926102,0.009692159,4.663185769,NA,NA,NA,0.999695484,0.783702979,5.644639224,7.166303115,458.3563026,58.26768115,18.33113909,-0.143373554,-0.672949104,-0.317023474,1.008458861,0.933129847,-0.185957546
4/10/2012,2012,YR1,2012-04,peak,8,16,6.824445833,0.084375,24.99909659,303.5264121,7.240098223,41.83667412,3.596182915,0.008335042,9.079788528,26.94796949,0.179685304,3.357113877,0.850114268,0.924904876,6.079004734,9.421721504,486.5771115,62.33509494,17.31467753,0.082165619,-0.021010275,-0.209661488,1.068665493,0.984278926,-0.232538604
5/10/2012,2012,YR1,2012-05,peak,8,16,27.68715833,0.099296296,2.789662055,176.2035065,6.3266226,27.92193371,9.958647457,0.029801285,0.212979874,18.1260533,0.143525862,3.158982882,0.209188977,0.529651623,4.680939172,11.27784768,363.6917558,52.35641446,15.7029594,-0.676804782,0.407430435,-0.588137677,0.77534509,0.852041823,-0.312319261
6/10/2012,2012,YR1,2012-06,peak,8,16,53.0406625,0.3167175,8.142323045,277.6042268,8.565790799,32.43210338,16.44154215,0.081162083,2.67573605,18.74364485,0.520693689,1.107705531,0.134955108,0.172072043,3.801884891,12.99548102,402.4495433,52.9149441,12.05692822,-2.20749339,0.745187186,-0.88936619,0.877384492,0.860085453,-0.528057949
7/10/2012,2012,YR1,2012-07,notpeak,8,16,9.245060416,0.05862,47.60694001,190.2574622,11.84315439,17.02015833,5.199176766,0.008499536,26.32575271,28.61927386,2.784913531,1.644559942,0.185260923,0.160108016,5.239735609,14.91040323,474.9488886,58.90572864,16.05168593,-2.305605803,1.072689875,-0.424820704,1.044291852,0.941385287,-0.294384137
8/10/2012,2012,YR2,2012-08,notpeak,8,16,2.684091667,0.066705,37.78829094,167.2638194,8.019001532,20.86919608,1.742279295,0.005295,28.66435751,17.94457718,0.036973737,2.333980019,0.168881534,0.177071229,6.609812598,15.86010635,403.4823515,55.69113098,19.30101194,-2.168503005,1.219808479,-0.088426294,0.879967159,0.898847011,-0.143859576
9/10/2012,2012,YR2,2012-09,notpeak,8,16,3.159129167,0.061103704,24.59425707,150.4246902,5.092731009,29.65354393,1.461454167,0.005151515,13.57232016,8.078082285,0.217512473,2.06687706,0.191295726,0.18008863,6.449999,15.11335313,318.0055808,48.39194638,21.57186001,-2.145498493,1.104901074,-0.123871498,0.640078174,0.792354339,-0.053033702
10/10/2012,2012,YR2,2012-10,notpeak,8,16,0.178463542,0.12483125,700.1605143,196.5074605,6.946197833,28.73147061,0.003244792,0.00443125,37.56019201,12.66012437,0.668518643,4.58778297,0.522632146,0.356963936,6.449999,13.26406936,369.2855136,55.11493505,22.47779722,-1.214012809,0.793927853,-0.123871498,0.79072552,0.890963447,-0.019442464
11/10/2012,2012,YR2,2012-11,notpeak,8,16,1.349833333,0.12062963,154.2119969,264.4739592,6.925839299,39.97738593,0.851517746,0.018882388,52.43823128,101.4612431,0.475577743,16.41175342,2.957403068,1.740017607,6.449999,10.07375269,326.7250271,48.748216,14.83613311,0.942548099,0.138420822,-0.123871498,0.667335548,0.797914584,-0.358685495
12/10/2012,2012,YR2,2012-12,notpeak,8,16,2.100029167,0.0891,72.94962929,167.3452518,10.68119225,14.80012504,1.381137025,0.023238832,23.6416389,61.69883708,1.201740803,3.957769436,0.9662556,1.961829334,6.449999,7.677492846,301.1036368,45.40864111,21.36741857,1.105897984,-0.508782286,-0.123871498,0.585045042,0.744120629,-0.060809173
1/10/2013,2013,YR2,2013-01,notpeak,8,16,0.250065278,0.046618519,212.5914039,1430.483913,16.60274012,57.33544206,0.080125844,0.006159593,49.44597364,1091.563221,7.85399212,20.74716219,0.738873274,0.852564437,6.449999,6.89046908,425.3656783,60.52397641,16.29965347,-0.028713868,-0.766466941,-0.123871498,0.933188559,0.961928637,-0.28186656
2/10/2013,2013,YR2,2013-02,notpeak,8,16,0.28035,0.0558,199.0369181,NA,NA,NA,NA,NA,NA,NA,NA,NA,0.755198194,0.747035734,6.449999,5.965746142,462.1904483,62.39867037,16.57797129,-0.208610336,-1.109807889,-0.123871498,1.016852923,0.985051637,-0.268041718
3/10/2013,2013,YR2,2013-03,peak,8,16,5.821805208,0.099423611,94.90848924,128.8087587,8.352945094,15.06554597,4.898301431,0.032392207,65.31914892,36.1025255,0.298561699,3.876885751,1.586670503,1.170934349,5.043020172,4.978855825,400.2585977,52.7895898,15.88964114,0.403286329,-1.540658397,-0.480237434,0.871883742,0.858287585,-0.302669185
4/10/2013,2013,YR2,2013-04,peak,8,16,85.34451043,0.291252778,8.638755109,230.3538016,8.895423242,26.22201878,50.67155506,0.118247766,3.973526381,53.24946916,0.290163159,6.667606767,1.972155418,1.77941296,4.967339678,6.694197548,352.715847,49.53904694,16.123811,0.973028661,-0.835318695,-0.502135286,0.744466234,0.810113122,-0.29072338
5/10/2013,2013,YR2,2013-05,peak,8,16,119.382375,0.463653704,6.3893969,187.416602,9.604150645,21.91634088,61.24587059,0.230421601,2.696493932,48.91972662,3.267329802,3.823803804,1.786640019,1.879397718,7.316982348,9.618080044,337.9835312,54.17893529,13.93220712,1.047456298,0.028134713,0.058772804,0.701473532,0.877979624,-0.410015376
6/10/2013,2013,YR2,2013-06,peak,8,16,40.83765,0.1954,5.345541016,141.0844658,6.354447306,22.27598893,9.444376577,0.000900206,1.243153964,37.34718221,0.230474662,5.887558203,1.363501949,1.575070984,6.978029405,12.07922553,330.2629164,48.96521456,17.79150694,0.806954467,0.570986205,-0.009917475,0.678188252,0.801281368,-0.210355857
7/10/2013,2013,YR2,2013-07,notpeak,8,16,5.101677778,0.103703703,25.85543572,264.9132828,7.063858536,37.42336475,1.887990903,0.011482456,7.577309358,37.41358438,0.19901507,4.970842555,1.004021214,1.183761581,6.803733574,13.75203364,386.5860878,53.03026535,13.56022359,0.418119523,0.88000523,-0.04654979,0.836861023,0.861735667,-0.432113035
9/10/2010,2010,PRE,2010-09,notpeak,6,32,1.036061979,0.278451389,315.1417866,333.3679415,14.35655502,22.0082539,0.343495133,0.100315386,66.00749751,111.6700521,2.194741274,4.334101149,1.117959539,1.052990877,5.199904802,16.46879399,165.1959,2,182.8954607,0.258744476,1.30953717,-0.435871528,-0.019879934,-1.622846147,1.692348011
10/10/2010,2010,PRE,2010-10,notpeak,6,32,0.59185,0.16975,304.9759236,1333.610082,13.1536282,81.73005736,0.256997333,0.051219774,58.85500303,909.202981,3.153185475,41.47054969,1.340914061,1.2294368,5.034568175,13.19107994,152.0210375,2.4328875,145.0885608,0.469662761,0.780780836,-0.482666626,-0.103630266,-1.474325575,1.503260744
11/10/2010,2010,PRE,2010-11,notpeak,6,32,0.270399305,0.110425926,1.56439E+17,NA,NA,NA,0.138089089,0.021421874,1.56439E+17,NA,NA,NA,1.688542486,1.514728273,4.574123518,9.272940704,135.7230875,2.9078875,103.4059636,0.753770344,-0.058934341,-0.621567479,-0.217901916,-1.339133762,1.22671249
12/10/2010,2010,PRE,2010-12,notpeak,6,32,2.874885417,0.111423611,182.0581413,NA,NA,NA,2.456828032,0.012856087,85.68761444,NA,NA,NA,1.129824715,1.4091836,7.670126265,5.402160966,168.358725,2.742725,138.8961264,0.655438767,-1.346242851,0.1270339,-0.000769607,-1.383459061,1.467644793
1/10/2011,2011,PRE,2011-01,notpeak,6,32,1.136650521,0.032923822,52.86015587,1102.175041,22.07842806,43.11733233,0.557844114,0.001200214,28.58018753,565.2650914,11.65054099,17.26238216,1.018050835,1.073937775,9.254840659,3.183441868,258.708725,2.53545,178.2619865,0.285561654,-2.606234162,0.399025907,0.432129906,-1.443025078,1.671395156
2/10/2011,2011,PRE,2011-02,notpeak,6,32,8.638608853,0.147402778,56.96867746,282.7746257,7.286541662,35.39656211,4.053726713,0.032882872,40.13133408,132.3724832,1.827705489,10.16606468,2.705882975,1.861966905,8.344019565,4.212812314,257.02625,3.1075,143.0485576,1.034770348,-1.938714326,0.248989821,0.425555288,-1.288807388,1.491698341
3/10/2011,2011,PRE,2011-03,peak,6,32,1.322577084,0.151375,243.0512682,824.0569418,16.37460043,41.60096875,0.558940144,0.034425588,137.4049411,482.7478967,6.280270036,10.02550897,4.374130251,3.540006613,12.13009848,6.529170177,253.57875,3.83725,145.8036979,1.909496504,-0.894790745,0.790826842,0.411947964,-1.128912101,1.507275575
4/10/2011,2011,PRE,2011-04,peak,6,32,8.404010418,0.113575315,12.85701851,472.6674232,10.41193468,44.91159491,1.90268231,0.026731498,1.67041295,127.8509187,2.408596495,3.494307952,6.334915517,5.354522884,16.08051623,8.903755605,247.22,4.563,119.9432943,2.472882917,-0.155732122,1.199101666,0.386357464,-0.997604176,1.347851951
5/10/2011,2011,PRE,2011-05,peak,6,32,3.573813542,0.097120833,99.81695353,255.4989027,6.739480925,34.67430267,1.390815013,0.01057492,76.66300136,85.07362803,1.095506678,9.558078271,1.147854955,3.741385236,15.00026858,10.72672352,188.035,4.559,91.32775045,1.984821992,0.288058059,1.098393358,0.11060895,-0.998268962,1.125291327
6/10/2011,2011,PRE,2011-06,peak,6,32,1.075972917,0.083088889,98.09167128,323.5811511,7.850425699,40.43548554,0.375666354,0.009813159,25.56082983,58.19174772,0.41309374,6.125387089,0.450111648,0.798983302,9.995195702,12.95532473,NA,NA,NA,-0.11708399,0.737813587,0.510476334,NA,NA,NA
7/10/2011,2011,PRE,2011-07,notpeak,6,32,2.109547222,0.08762963,73.0904552,466.8549261,6.69208014,65.54451721,1.235537892,0.007996227,30.69650071,211.2571715,0.600278289,24.46304688,0.363119432,0.40661554,7.001983922,15.49387312,523.6346313,32.29820489,34.60756356,-1.036706377,1.16414616,-0.004954533,1.142627002,0.4858694,0.332932074
8/10/2011,2011,YR1,2011-08,notpeak,6,32,0.285541667,0.093880422,365.3932584,558.9761014,10.93145049,52.00604193,0.075487738,0.014984609,78.17314898,144.5962483,0.931218369,12.7063493,0.534400545,0.448759988,5.679173624,16.82309678,515.3055301,30.83729639,40.18614896,-0.902439907,1.360251299,-0.308190243,1.126469887,0.45078299,0.454964569
9/10/2011,2011,YR1,2011-09,notpeak,6,32,1.297916667,0.102361111,81.84214172,206.4633525,6.926747062,30.20395556,0.482873844,0.0236508,24.04665023,50.00197904,0.138751065,7.474214525,0.641802194,0.588101369,4.276408903,15.90137366,400.0114123,21.92190142,34.97505221,-0.534288217,1.225999783,-0.719033587,0.87126125,0.192116433,0.34155702
10/10/2011,2011,YR1,2011-10,notpeak,6,32,0.594445834,0.091222222,165.8640984,260.3623767,7.63390942,34.06453659,0.120950235,0.015869906,26.84129996,13.57333899,0.122881416,1.383897667,1.460519869,1.051161032,4.168320803,12.42940592,318.6830447,17.929151,36.31462969,0.256376542,0.639075489,-0.756108046,0.642222576,0.039709766,0.372247345
11/10/2011,2011,YR1,2011-11,notpeak,6,32,0.304145139,0.119892593,510.2193683,228.7769193,7.125819298,35.41361291,0.120588341,0.027224547,199.3753939,40.3103215,1.055341627,11.96059066,1.418845157,1.439682513,4.761600977,8.973905914,345.0930693,18.77150434,27.98616684,0.684590283,-0.137034018,-0.563394888,0.722450107,0.074512134,0.159529382
12/10/2011,2011,YR1,2011-12,notpeak,6,32,0.847539583,0.065486111,214.9785298,283.8409047,7.990384086,35.51463957,0.573705105,0.007460644,74.36835959,14.9629908,0.371001319,0.862997891,1.043882204,1.231363681,6.222761628,7.549422043,308.1197615,15.10975019,42.39535294,0.471794877,-0.548862028,-0.175812947,0.608255667,-0.089978535,0.498663003
1/10/2012,2012,YR1,2012-01,notpeak,6,32,0.517436111,0.07835,160.5136437,263.977553,7.208072378,36.37314751,0.066626389,0.005335963,35.36160872,44.71689729,0.185713165,5.497515681,1.298026596,1.1709544,7.152697797,7.062602151,366.4387332,16.3133136,53.47635967,0.403309642,-0.707678357,0.025886472,0.782927435,-0.031882701,0.688265108
2/10/2012,2012,YR1,2012-02,notpeak,6,32,0.905296875,0.055,66.88068488,NA,6.173755029,NA,0.230380208,0.006388889,24.07704665,NA,1.045768716,NA,2.133864178,1.715945387,6.509015663,6.687453096,405.5079917,19.03189703,56.167033,0.923581638,-0.837720366,-0.110680895,0.885013386,0.08495493,0.728349465
3/10/2012,2012,YR1,2012-03,peak,6,32,13.43473542,0.099402778,9.197003485,NA,NA,NA,3.839014519,0.020009686,2.509905792,NA,NA,NA,4.024776791,3.079320485,5.241187314,8.015996107,260.3699316,13.31797458,49.52882082,1.719683395,-0.405983692,-0.424419525,0.438579596,-0.185660402,0.625648534
4/10/2012,2012,YR1,2012-04,peak,6,32,22.21427639,0.05975,19.68203028,296.739259,7.512417243,39.51212748,14.65542644,0.028583333,13.94940018,24.24460934,0.02738659,3.371313247,4.190993536,4.107885164,4.462835187,9.978123117,290.0256907,17.90070439,53.39387048,2.112052933,0.115695138,-0.657237903,0.547272649,0.038506124,0.687004589
5/10/2012,2012,YR1,2012-05,peak,6,32,69.1919375,0.214851852,2.952593977,284.9452126,7.482635695,38.15221803,4.746865073,0.040693188,0.422581594,12.21632341,0.13331413,2.19299439,0.713086641,2.452040089,4.355070758,11.48085766,380.9062301,28.04525699,33.41572618,1.409560245,0.449937176,-0.692636868,0.821946194,0.378842608,0.304315804
6/10/2012,2012,YR1,2012-06,peak,6,32,70.68973333,0.318093333,4.949867316,279.879757,7.929408556,35.25336525,24.64878022,0.088159711,0.687020034,36.33074957,0.327837835,4.113302411,1.24995829,0.981522465,4.26881023,13.020991,301.030438,30.20052735,20.73033243,0.163054919,0.749859567,-0.721609158,0.584800047,0.434966479,-0.085525369
7/10/2012,2012,YR1,2012-07,notpeak,6,32,2.263566667,0.058752593,42.8095833,340.4236776,8.470554216,40.68277327,0.563321751,0.003525399,20.01976023,161.3053206,0.130204314,19.76910045,1.051159654,1.150558972,3.916961363,14.73393387,312.1569504,32.51371508,23.59605897,0.379387227,1.044323154,-0.846181948,0.621373034,0.490910515,0.020202078
8/10/2012,2012,YR2,2012-08,notpeak,6,32,0.842780556,0.048658889,92.34884976,NA,9.428541224,NA,0.270769737,0.007036825,54.51302133,NA,0.023535409,NA,1.17642727,1.113793462,3.490682713,15.61771287,328.8838501,25.43314449,32.94433657,0.335172497,1.183113948,-1.013042062,0.673971767,0.304733562,0.292714956
9/10/2012,2012,YR2,2012-09,notpeak,6,32,0.839752083,0.061886111,86.14232229,162.0692466,6.522581332,26.08900406,0.22324544,0.004388672,16.69393346,16.52254016,0.421486524,5.128444751,1.26517938,1.220803325,3.30878368,15.09474567,314.2050096,22.4457443,35.29706123,0.460068511,1.101965857,-1.090545002,0.627962733,0.210017004,0.349040391
10/10/2012,2012,YR2,2012-10,notpeak,6,32,0.208099306,0.094378333,464.4194754,193.9885634,5.367091474,35.91393078,0.024446968,0.004150687,51.60102426,28.7466992,0.361548741,3.660538847,1.473433806,1.369306593,4.086992228,13.28482312,358.1940588,25.90166415,33.33165398,0.616356861,0.797652859,-0.78464336,0.759996531,0.318570499,0.302258835
11/10/2012,2012,YR2,2012-11,notpeak,6,32,0.781345834,0.11215,171.4820759,267.1125847,6.590392188,40.45060251,0.246604167,0.0269,88.55002667,74.81262628,0.047675451,11.05914845,1.39538666,1.434410233,5.059493495,9.83035645,345.1066705,23.33713609,31.36952436,0.679595341,0.080147574,-0.475514508,0.722489821,0.239538096,0.252718619
12/10/2012,2012,YR2,2012-12,notpeak,6,32,0.606559722,0.084896296,228.1077225,162.4440784,8.828763175,17.89744964,0.196280783,0.013130251,137.5494757,40.29317665,1.042238686,2.252053752,1.086050167,1.240718413,5.045953461,7.307669792,362.7773781,24.51160941,33.79138097,0.482098804,-0.626406619,-0.479395328,0.772808468,0.276757711,0.313444052
1/10/2013,2013,YR2,2013-01,notpeak,6,32,0.298520834,0.044394445,157.8384164,748.1918117,14.05459214,83.02460362,0.096045834,0.006694445,28.35741029,NA,5.042904293,NA,1.309928435,1.197989301,6.890036327,7.042704301,406.0958147,26.73431333,29.17180269,0.434385357,-0.714400386,-0.02829544,0.886473039,0.342554831,0.193409587
2/10/2013,2013,YR2,2013-02,notpeak,6,32,0.188630556,0.053086111,411.9850176,NA,NA,NA,0.045884205,0.024758882,246.4053386,NA,NA,NA,2.130891827,1.720410131,9.718804093,6.928214346,392.4959193,26.77420183,38.77994526,0.927119419,-0.753451066,0.469865908,0.852148899,0.343684983,0.425879995
3/10/2013,2013,YR2,2013-03,peak,6,32,5.792602084,0.098111111,40.39156844,131.1474189,6.869719407,18.79336989,3.438875787,0.031098972,20.58902638,26.6018437,0.646477101,3.576629091,3.346186293,2.73853906,8.836869234,6.141708526,379.856618,28.78161055,30.6924806,1.560006403,-1.040549239,0.332098617,0.81916567,0.398488376,0.234902325
4/10/2013,2013,YR2,2013-04,peak,6,32,78.92890833,0.309319445,4.795381207,183.0246888,8.406977855,21.94053827,28.205335,0.06506208,1.136852723,41.11952853,0.331831204,5.059559903,4.657841758,4.002014026,6.652367543,7.579221745,386.8999209,30.95434212,25.56681775,2.076504618,-0.539475846,-0.079132446,0.837678721,0.453654685,0.085701607
5/10/2013,2013,YR2,2013-05,peak,6,32,109.9919479,0.339445833,3.19252253,221.7302013,10.21568643,21.52401529,12.51386041,0.126070472,1.03969861,38.2659601,0.294244811,3.262969796,1.964618362,3.31123006,6.421277824,10.11524336,422.4625204,31.35457517,37.16493819,1.818539475,0.148213756,-0.130334589,0.926287568,0.463392931,0.391146332
6/10/2013,2013,YR2,2013-06,peak,6,32,34.75691042,0.203659722,9.38574351,250.6578423,7.047031069,35.39113374,12.88439487,0.020637744,3.352453108,20.01403691,0.299761113,1.501894645,0.615583129,1.290100745,6.191682317,11.99041177,395.9037965,30.71985402,33.76087419,0.535235903,0.553403359,-0.183064048,0.860860282,0.447890586,0.312706546
7/10/2013,2013,YR2,2013-07,notpeak,6,32,1.789394445,0.124888889,122.6324238,324.9537527,7.019365943,47.85295484,1.003775928,0.014109979,47.09972665,64.0692117,0.459433954,12.34585213,0.096132241,0.355857685,6.240783225,13.07511307,359.752969,28.9087445,28.75242426,-1.218238573,0.759742273,-0.171624905,0.76437252,0.401829334,0.181585636
9/10/2010,2010,PRE,2010-09,notpeak,7,128,0.508350694,0.299537037,2.13644E+17,373.0846979,12.6330257,28.97384504,0.355929308,0.063291152,2.13644E+17,83.64146395,0.696602064,5.068835626,0.57084553,0.85953948,3.993491602,16.83917204,34.85,2,38.58392857,-0.017620807,1.362526874,-0.818159617,-1.587888862,-1.622846147,0.421742239
10/10/2010,2010,PRE,2010-10,notpeak,7,128,0.658476389,0.262472222,706.260032,658.8827105,11.68917184,61.3767455,0.269825537,0.051638889,235.4200114,278.318074,1.76922286,33.09962591,1.581811427,1.076328478,5.603987418,13.39281989,31.875,2,35.29017857,0.288589027,0.8169433,-0.327490932,-1.677804106,-1.622846147,0.348881156
11/10/2010,2010,PRE,2010-11,notpeak,7,128,0.42441875,0.1285,308.1861957,NA,NA,NA,0.029852083,0.0235,77.04654871,NA,NA,NA,0.910971041,1.246391234,11.05597433,9.461301701,24.125,2.25,24.5675,0.488309455,-0.01102216,0.6565512,-1.958513207,-1.533563969,0.053145293
12/10/2010,2010,PRE,2010-12,notpeak,7,128,0.610020834,0.178888889,492.2418407,NA,NA,NA,0.298520834,0.101111111,406.6345638,NA,NA,NA,0.641647066,0.776309053,15.45769065,5.359862691,44.925,2.25,47.59607143,-0.156279286,-1.364971541,1.14189523,-1.33200067,-1.533563969,0.593146426
1/10/2011,2011,PRE,2011-01,notpeak,7,128,0.504024305,0.056172139,168.1764464,503.6756773,11.91284404,38.04227197,0.175192042,0.020231378,126.2689879,273.2425336,5.776906563,12.97676073,0.541887387,0.591767227,13.22414031,2.579461694,93.5,2,78.05357143,-0.525828117,-3.107485465,0.915885019,-0.593414212,-1.622846147,0.997045623
2/10/2011,2011,PRE,2011-02,notpeak,7,128,4.081947917,0.104513889,25.17457576,263.7628952,6.491694498,40.23863753,0.201177084,0.040625,8.711637923,65.24696211,0.314184487,8.103370614,1.161678071,0.851782729,11.39206655,3.19324382,106.6,2.45,87.39650146,-0.029962742,-2.598909387,0.699919404,-0.461286861,-1.469012444,1.089363882
3/10/2011,2011,PRE,2011-03,peak,7,128,1.307651042,0.090555555,79.58801467,167.7179906,8.967897479,20.15734679,0.449592007,0.018616552,15.53686911,58.20203552,2.708954311,5.800585227,2.736552136,1.949115104,21.70824869,5.421353531,92.1,3.225,67.91700073,1.097045969,-1.337793144,1.633683679,-0.608616369,-1.260673837,0.883457086
4/10/2011,2011,PRE,2011-04,peak,7,128,2.1805,0.053329042,44.37932152,335.4126187,8.176475871,43.87798,1.49909375,0.003343209,28.97755332,22.22672824,2.354751162,9.918086645,5.475629466,4.106090801,25.70147914,7.929648248,63.325,3.65,37.35349026,2.111458109,-0.43178788,1.878221523,-0.98608303,-1.166835049,0.395278498
5/10/2011,2011,PRE,2011-05,peak,7,128,3.663586111,0.06097037,25.21620537,240.936545,6.490076617,37.07704403,2.188631497,0.017900418,7.823189222,29.29044944,0.715715494,0.424314644,1.629817046,3.552723256,20.34022924,10.24281693,39.15,3.3,26.26948052,1.914378436,0.178074901,1.539417854,-1.470649575,-1.243247268,0.107840136
6/10/2011,2011,PRE,2011-06,peak,7,128,0.944018055,0.24475,277.6886036,176.0402587,9.142690585,19.12738047,0.221637824,0.17825,155.6982344,39.60142784,0.317562344,3.667114376,0.788475937,1.209146491,NA,13.1829156,NA,NA,NA,0.447006236,0.779305735,NA,NA,NA,NA
7/10/2011,2011,PRE,2011-07,notpeak,7,128,0.878689583,0.093388889,186.730872,381.7707012,7.149654794,53.3970817,0.431707063,0.018684102,67.14270018,NA,NA,NA,0.735223883,0.76184991,2.251928225,16.08772205,472.561963,8.34600558,136.1346547,-0.181876127,1.253758862,-1.647803973,1.039214907,-0.539908175,1.451247087
8/10/2011,2011,YR1,2011-08,notpeak,7,128,0.437397917,0.110453578,369.6465131,1408.806816,11.3972627,122.249274,0.156241352,0.031561984,165.6245326,504.0077977,0.420570186,41.20706719,0.962739112,0.848981497,2.302362414,17.35411291,513.3210195,8.397383273,124.7047601,-0.034447486,1.434294045,-1.615727912,1.122581736,-0.535256122,1.379639933
9/10/2011,2011,YR1,2011-09,notpeak,7,128,0.195336459,0.126111111,615.3022996,215.6890882,6.800343437,31.15650125,0.021336818,0.034549064,99.76362523,50.87642794,0.721319332,5.322171316,0.365297664,0.664018388,3.094448259,16.25209746,396.5216468,6.692252823,122.3750434,-0.368993672,1.277979159,-1.187532548,0.862431628,-0.707304145,1.364241095
10/10/2011,2011,YR1,2011-10,notpeak,7,128,0.679459375,0.206875,481.2734077,334.4436939,7.254369531,46.59801117,0.225898099,0.027428174,224.404807,17.96562641,0.531296282,2.983745573,0.4360758,0.400686732,3.929310392,12.62066198,245.7127029,5.289936606,191.6215142,-1.056703672,0.675457877,-0.841623376,0.380194928,-0.885548788,1.730404978
11/10/2011,2011,YR1,2011-11,notpeak,7,128,0.01,0.17315,17315,469.1152669,7.998385773,58.07343067,0,0.01165,1165,99.52538303,0.54425524,8.491540169,0.688537003,0.562306402,5.91314115,9.04553871,243.0718379,5.38558126,119.5339953,-0.595352634,-0.118090997,-0.249724244,0.369306132,-0.871965798,1.345060783
12/10/2011,2011,YR1,2011-12,notpeak,7,128,0.721641667,0.077796296,110.9723957,199.1926568,8.647629309,24.29567791,0.065631476,0.006468214,17.43851927,84.07798811,0.544969592,10.63034478,0.642224944,0.665380973,11.31407268,7.294280645,234.1341419,4.9581604,71.08671177,-0.366202796,-0.630775987,0.689970441,0.331556093,-0.934647018,0.920702925
1/10/2012,2012,YR1,2012-01,notpeak,7,128,0.801247222,0.0650875,73.83627609,302.7086098,7.364545594,41.13066433,0.206719914,0.017036803,26.27721596,16.47288478,0.257296756,2.017036855,0.684607387,0.663416165,12.97735982,6.017176401,243.3411194,4.702024609,150.6462856,-0.370228983,-1.089355922,0.888604257,0.370421834,-0.974853739,1.533954842
2/10/2012,2012,YR1,2012-02,notpeak,7,128,1.907072222,0.073722222,76.92404718,NA,6.308131239,NA,0.912278574,0.015414256,41.80826121,NA,0.409591441,NA,1.016152449,0.850379918,9.264119377,5.147130239,264.7832715,5.244478567,120.5528141,-0.032206782,-1.461463499,0.400477118,0.455516674,-0.892090855,1.351990898
3/10/2012,2012,YR1,2012-03,peak,7,128,10.00369271,0.098423611,28.27236574,NA,NA,NA,5.30429397,0.034546376,19.12016885,NA,NA,NA,2.375716358,1.695934403,7.222198281,6.770050612,399.9622896,8.015279839,131.0673775,0.90761138,-0.808473159,0.039890259,0.871137498,-0.57055756,1.420273166
4/10/2012,2012,YR1,2012-04,peak,7,128,12.08814688,0.128666667,10.27814038,299.4159252,7.636998399,39.46287929,1.350131728,0.031471548,1.41687183,10.30839626,0.39114523,2.164761433,3.365807753,2.870762055,6.635295367,9.140749463,516.3513858,11.70734407,99.22180061,1.624202839,-0.093143765,-0.082853787,1.128512958,-0.283368162,1.192985267
5/10/2012,2012,YR1,2012-05,peak,7,128,77.78803959,0.223185185,2.932318406,215.6559194,6.28087534,34.38242541,15.5711504,0.057814815,0.411979203,3.703693087,0.122336934,1.240896637,1.187339306,2.27657353,6.834640646,11.08877181,543.5661903,11.99314084,85.30415454,1.308473966,0.367147364,-0.039985995,1.180270722,-0.265085764,1.069577328
6/10/2012,2012,YR1,2012-06,peak,7,128,136.0632,0.41524,5.020736407,241.8473924,8.164967327,29.76070658,46.25268625,0.05196,2.683918488,0.516091119,0.569901349,2.014040601,0.661487152,0.924413229,5.80692997,13.11203848,592.5276308,13.9937565,79.4822666,0.081441727,0.766461413,-0.275973129,1.267177968,-0.148140817,1.011856518
7/10/2012,2012,YR1,2012-07,notpeak,7,128,11.95121667,0.07058125,12.18848853,299.8094168,8.157570399,37.03766925,6.793986665,0.010025414,5.122215633,77.92411299,0.31465215,10.23684646,0.50670308,0.584095116,4.682556152,15.26280645,609.6639038,18.89127194,76.45672326,-0.543594408,1.128346206,-0.587637498,1.29590687,0.079333171,0.980167238
8/10/2012,2012,YR2,2012-08,notpeak,7,128,0.678810417,0.0816,184.9117174,170.666194,8.796130823,19.40241652,0.541791212,NA,NA,NA,NA,NA,0.580116018,0.543409549,4.532379664,16.21558905,612.3118859,16.77887219,107.3964723,-0.641891994,1.272620967,-0.634844569,1.30027404,-0.010552764,1.257630656
9/10/2012,2012,YR2,2012-09,notpeak,7,128,6.557075,0.089175,65.3043724,152.300376,6.856643955,23.44694091,4.75741683,0.011756914,45.61336105,1.554604692,0.428967131,1.783405426,0.786359906,0.683237962,4.801768513,15.3790826,600.4169227,12.02701759,98.79480547,-0.330146875,1.146428504,-0.551229505,1.280506153,-0.262947614,1.189463739
10/10/2012,2012,YR2,2012-10,notpeak,7,128,0.220645834,0.125375,284.1091491,283.9493343,5.696893611,49.84283606,0.220645834,NA,NA,NA,NA,NA,0.684055845,0.735207876,6.305092602,13.21754194,575.7873177,10.99921548,150.6769905,-0.230338747,0.785555617,-0.156777994,1.238299092,-0.330662993,1.534121254
11/10/2012,2012,YR2,2012-11,notpeak,7,128,6.139145834,0.173525,181.3338915,290.1998785,7.681831209,38.04931871,5.682279167,0.015125,165.3755785,53.25252473,0.254868636,8.194674028,0.667162921,0.675609383,5.407237163,9.344541935,547.2728216,10.13966159,110.301861,-0.345433435,-0.0406079,-0.379249814,1.187118778,-0.392342764,1.279427024
12/10/2012,2012,YR2,2012-12,notpeak,7,128,0.4438875,0.066851389,280.3638308,101.6978086,9.135787973,11.23670333,0.16336229,0.014232292,138.7844099,13.48388184,0.886949992,1.2573157,0.827526416,0.747344669,4.472183777,6.800744557,518.701043,10.90812575,128.4630831,-0.208047428,-0.797695496,-0.654207434,1.133087945,-0.336966675,1.403885183
1/10/2013,2013,YR2,2013-01,notpeak,7,128,0.348490625,0.0491,183.4314252,367.0572468,8.84577098,42.01640481,0.102922828,0.008754309,68.08528175,29.82439863,0.439046036,6.109907548,0.619848648,0.723687532,9.685636778,6.310590894,507.9069783,11.34350424,74.69359137,-0.251840929,-0.97591869,0.464915185,1.111897343,-0.307299745,0.961116814
2/10/2013,2013,YR2,2013-02,notpeak,7,128,0.140607639,0.027294444,194.0431598,NA,NA,NA,0.001144655,0.003183495,22.42373338,NA,NA,NA,1.461789774,1.040819211,13.50799384,5.351050542,525.7281912,10.25822911,83.50853212,0.242915609,-1.368891955,0.946641452,1.146647753,-0.383530299,1.0522059
3/10/2013,2013,YR2,2013-03,peak,7,128,4.239644792,0.064555556,29.44165597,226.0819116,8.701099982,26.15570684,1.291610507,0.012020045,16.40590822,28.00604577,0.160436487,3.645622681,1.743892944,1.602841359,11.77449586,4.311737598,426.678753,8.89872916,106.4694497,0.830749324,-1.883413477,0.747737031,0.936294365,-0.491299667,1.25055184
4/10/2013,2013,YR2,2013-04,peak,7,128,68.61955626,0.263033334,5.003826241,161.3969636,7.930545222,20.54269596,31.73312324,0.066129616,0.934764786,45.08660446,0.317650352,5.729383977,3.586250357,2.66507165,11.08186103,6.15738461,431.8862559,9.958082065,78.74406442,1.522983568,-1.034475709,0.659938086,0.948518231,-0.406040331,1.004237326
5/10/2013,2013,YR2,2013-05,peak,7,128,57.98961875,0.274983334,4.95723205,200.9024839,10.84954655,18.30920301,7.522368602,0.07607626,1.62154846,80.78034936,0.867373228,6.879537452,2.089042001,2.837646179,7.887225702,9.291733846,517.6572094,11.30398765,92.44081938,1.608406432,-0.054110548,0.167455192,1.131058074,-0.309945026,1.135182899
6/10/2013,2013,YR2,2013-06,peak,7,128,52.04905417,0.204055556,4.136110447,430.1633809,6.195697228,68.8743878,9.635818534,0.023994275,0.413231515,110.2337646,0.130071049,16.66151798,0.561366576,1.325204289,4.510142654,11.93966388,439.9014382,8.31025308,80.65303158,0.571785863,0.543298018,-0.641967302,0.967047651,-0.543162355,1.023796388
7/10/2013,2013,YR2,2013-07,notpeak,7,128,10.45947778,0.118986111,29.7148406,335.8569835,6.413782278,53.19642372,7.666644714,0.017921838,13.06711063,38.63023469,0.227603236,7.844398397,0.407948509,0.484657542,NA,13.63146421,397.61126,6.47676551,92.95718696,-0.797670284,0.859024164,NA,0.865196827,-0.732113707,1.139731358
