date,year,trt_yr,yr_mon,month,peak,stream,ratio,mean.chla,mean.afdm,mean.dm,mean.bf.ratio,mean.cp,mean.cn,mean.np,se.chla,se.afdm,se.dm,se.bf.ratio,se.cp,se.cn,se.np,mean.mass.p,mean.mass.n,Light,Discharge,Temp,mean.light2,mean.discharge2,mean.temp2,mean.din2,mean.srp2,mean.np2,light2.z,temp2.z,discharge2.z,addN2.z,addP2.z,addNP2.z
9/10/2010,2010,PRE,2010-09,9,notpeak,9,2,1.260926042,0.2736875,1.660701389,0.003008931,975.6702998,19.49979866,51.94850678,1.074501186,0.094287634,0.572532342,0.00210347,237.743262,3.498341563,8.954952543,0.007290033,0.174966926,0.253541572,1.544967867,16.36206181,0.290374747,1.544967867,17.52091632,23.9474,2,26.51319286,-1.495101441,1.457085399,-2.193462721,-1.965958744,-1.622846147,0.115380607
10/10/2010,2010,PRE,2010-10,10,notpeak,9,2,0.21415625,0.196652778,1.4035,0.000973438,787.6688167,13.65926345,59.25718308,0.21415625,0.044994951,0.3501675,0.000973437,114.2809367,2.428713129,5.447299838,0.003056195,0.084331451,0.434492203,2.80311453,11.78441331,0.344016887,2.174041199,14.07323756,19.9825625,2,22.12355134,-1.264310292,0.935014665,-1.69877936,-2.148346159,-1.622846147,-0.032413515
11/10/2010,2010,PRE,2010-11,11,notpeak,9,2,0.279052083,0.222483333,3.463259259,0.001483333,NA,NA,NA,0.142949677,0.033403971,0.883319306,0.000771951,NA,NA,NA,0.006812571,NA,0.783825632,5.375407825,8.474778125,0.609158918,4.089261178,10.12959572,14.7588625,2.475,13.93354087,-0.486392549,0.151591956,-0.783839594,-2.453685568,-1.461316719,-0.409937211
12/10/2010,2010,PRE,2010-12,12,notpeak,9,2,0.33096875,0.109055556,1.263305556,0.004171875,NA,NA,NA,0.238707306,0.015529393,0.432884241,0.003158893,NA,NA,NA,0.00462505,NA,0.689390009,7.189047866,3.596406586,0.736607821,6.282227846,6.035592356,13.2077125,2.6104125,11.36351352,-0.227748806,-1.082075036,-0.16203929,-2.565579713,-1.42093849,-0.576423275
1/10/2011,2011,PRE,2011-01,1,notpeak,9,2,0.395864583,0.045018444,0.119259259,0.010427255,487.6970769,9.886809535,42.152462,0.195443152,0.011860672,0.033825584,0.004956943,298.0395233,5.07949308,7.138607193,0.000822298,0.014783062,0.623509753,5.386954096,2.730728495,0.656449881,6.288000981,3.163567541,20.9977125,2.270825,12.59385513,-0.384600664,-2.621155274,-0.160709058,-2.098412761,-1.52658032,-0.492481521
2/10/2011,2011,PRE,2011-02,2,notpeak,9,2,1.046445313,0.099270833,0.581423611,0.012426644,213.895924,6.93667301,31.3773668,0.302693152,0.015218464,0.034126858,0.004388237,55.37327859,0.348559978,8.825775409,0.003638471,0.052015419,1.480551144,5.341602559,4.884449777,1.052030449,5.364278328,3.807589136,25.44125,3.247,14.86817502,0.257502136,-2.179674117,-0.390801276,-1.9049827,-1.25552039,-0.356923891
3/10/2011,2011,PRE,2011-03,3,peak,9,2,0.908541666,0.100509259,0.635787037,0.009453314,127.9429579,3.346750661,30.51502317,0.306044236,0.010081437,0.094413133,0.003774043,68.7341854,1.105259702,14.18351854,0.002846425,0.02662937,2.632755369,8.784768162,7.566591398,2.056653256,7.063185361,6.225520588,18.34625,3.20725,12.63862015,1.170162121,-1.008255582,0.007648597,-2.234435988,-1.264857422,-0.489584253
4/10/2011,2011,PRE,2011-04,4,peak,9,2,2.419316667,0.148648347,0.954097222,0.020147972,523.4190439,11.70178261,36.78989484,0.525285171,0.035498597,0.227847222,0.005558061,400.2583239,5.636761929,16.48316771,0.005758274,0.071217069,3.695435675,7.373650227,10.02279965,3.164095522,8.079209195,8.794695524,13.42875,3.668625,8.382116944,1.756658093,-0.185095939,0.202283778,-2.548855477,-1.162976894,-0.824903235
5/10/2011,2011,PRE,2011-05,5,peak,9,2,1.98737,0.073394444,0.595120833,0.032633785,247.1630501,6.439196311,37.26584347,0.655618603,0.0058805,0.060066339,0.011627157,56.16314689,0.760083784,3.996509424,0.001861552,0.031235694,0.593075314,3.867783749,11.93254839,2.144255494,5.620716988,10.97767402,11.9675,4.16975,6.355168604,1.226951503,0.343156099,-0.32317406,-2.664941997,-1.065920352,-1.050948598
6/10/2011,2011,PRE,2011-06,6,peak,9,2,0.929957292,0.1194875,1.185152778,0.008633549,627.9123028,9.685573701,53.34124507,0.108085499,0.02060872,0.097743416,0.001840158,417.7586993,1.344697682,30.23392069,0.004052287,0.050878405,0.480809965,2.628734712,15.86023333,0.536942639,3.248259231,13.89639086,NA,NA,NA,-0.658191291,0.904885124,-1.11728086,NA,NA,NA
7/10/2011,2011,PRE,2011-07,7,notpeak,9,2,3.182491667,0.118277778,1.199361111,0.025880822,523.3058188,12.38871608,40.55042084,1.427884525,0.010984136,0.292949898,0.01126288,139.9054494,2.470536042,3.865086604,0.003285005,0.059828633,0.304784796,0.906350742,17.65216129,0.39279738,1.767542727,16.75619731,NA,NA,7.476489427,-1.083777497,1.35075776,-1.998553368,NA,NA,-0.918264465
8/10/2011,2011,YR1,2011-08,8,notpeak,9,2,0.79043125,0.399401807,3.684518519,0.002243901,594.0187619,10.8467665,49.77522755,0.327607639,0.110600758,1.020302191,0.000690704,350.7117026,2.73683835,19.7740913,0.010666917,0.33105868,0.425671766,0.52583642,18.19919355,0.365228281,0.716093581,17.92567742,110.6627163,126.9276483,8.323235071,-1.182852136,1.51150052,-3.307053673,-0.423596627,1.523303064,-0.83065945
9/10/2011,2011,YR1,2011-09,9,notpeak,9,2,3.144852083,0.121796296,1.324611111,0.003135336,146.8163998,7.715335742,18.63135259,2.778807049,0.004603221,0.054671644,0.001548034,41.12938255,0.437584316,4.481682925,0.010228128,0.076070886,0.23876823,0.903966351,15.51909757,0.332219998,0.714901386,16.85914556,116.1987105,112.8845207,3.247591891,-1.311815906,1.365351253,-3.309466735,-0.374407614,1.434423521,-1.599138743
10/10/2011,2011,YR1,2011-10,10,notpeak,9,2,0.557455209,0.140277778,1.507814815,0.003906064,216.1506786,5.725669454,38.40082283,0.16185798,0.026696569,0.626997418,0.002033053,17.73311331,0.702001543,3.194227497,0.00630762,0.100161187,0.588379904,1.27784164,10.20664516,0.413574067,1.090903996,12.86287137,121.7347046,98.84139308,3.243278848,-1.013604583,0.720749811,-2.69743163,-0.327508409,1.333721096,-1.600223893
11/10/2011,2011,YR1,2011-11,11,notpeak,9,2,0.22973125,0.101825,1.272555556,0.002274444,199.2988329,6.580189498,30.93138159,0.001297917,0.009425,0.289888889,0.000197778,57.43752193,0.399348738,10.60606691,0.005026915,0.057668244,0.834266698,3.854591396,7.741166667,0.711323301,2.566216518,8.973905914,135.5181623,121.2689211,3.189041265,-0.275302383,-0.137034018,-1.458602527,-0.219424519,1.488732196,-1.613994472
12/10/2011,2011,YR1,2011-12,12,notpeak,9,2,0.509648611,0.135375,2.048375,0.004775858,321.6704377,7.386995884,44.46275934,0.060141474,0.048967258,0.667582357,0.001544934,9.677813566,0.659226412,3.689768841,0.002058449,0.040801979,0.841155005,8.68248942,7.357677419,0.837710852,6.268540408,7.549422043,102.2117466,93.65064658,3.255381958,-0.052642467,-0.548862028,-0.165198009,-0.503646049,1.292829471,-1.597182428
1/10/2012,2012,YR1,2012-01,1,notpeak,9,2,0.09345,0.0351,0.668166667,0.003152083,256.3502511,8.246896245,31.05976896,0.054046971,0.005307189,0.148088296,0.001875674,11.1770708,0.202207854,0.841277406,0.001454611,0.020557842,0.875767421,6.250274926,6.695995882,0.858461213,7.466382173,7.026836651,128.6745476,90.32918043,3.231582175,-0.019329781,-0.719774531,0.088044681,-0.271641144,1.265456695,-1.603174026
2/10/2012,2012,YR1,2012-02,2,notpeak,9,2,0.962188889,0.109972222,2.581708334,0.010802628,NA,4.360833833,NA,0.580247304,0.033590869,1.24690787,0.007989315,NA,0.599316194,NA,NA,0.102290398,1.304285536,4.025440506,5.810517241,1.090026479,5.137857716,6.253256562,138.3118732,103.6368691,3.105438482,0.305806347,-0.997664299,-0.453255901,-0.198862661,1.369633673,-1.635686274
3/10/2012,2012,YR1,2012-03,3,peak,9,2,2.532559896,0.079590278,0.985340278,0.030714121,NA,NA,NA,0.565521762,0.006783045,0.148771746,0.005093699,NA,NA,NA,NA,NA,2.380384329,2.936436452,9.207935484,1.842334933,3.480938479,7.509226363,73.71829079,84.41360534,2.156510976,1.020339434,-0.561581552,-1.017090366,-0.832947161,1.214114346,-1.933449638
4/10/2012,2012,YR1,2012-04,4,peak,9,2,2.106194271,0.082361111,0.633430556,0.026043723,241.8169461,7.057445039,34.29013877,0.401670216,0.009821595,0.06612836,0.005536359,5.842053283,0.158829762,0.839733885,0.00619395,0.096505061,2.562320468,2.472186995,10.57146667,2.471352399,2.704311724,9.889701077,94.30189449,74.17909689,4.596144131,1.420241056,0.094487635,-1.382695348,-0.584808897,1.116142839,-1.315550032
5/10/2012,2012,YR1,2012-05,5,peak,9,2,25.4106125,0.107,1.074666667,0.228965169,190.7864067,7.348590411,26.31696672,9.231164257,0.018795083,0.293079688,0.05777139,12.24302879,0.572557726,2.154809004,0.009372261,0.110539823,0.457256138,2.168864325,12.9891418,1.509788303,2.32052566,11.78030424,102.5982881,76.93895198,4.072159872,0.749322997,0.511283479,-1.604347937,-0.499842471,1.143833305,-1.414387844
6/10/2012,2012,YR1,2012-06,6,peak,9,2,63.95743958,0.962233333,5.345740741,0.074009878,388.529112,7.775458846,48.99847163,10.2326954,0.194016574,1.077869857,0.005243385,98.5722303,0.481005243,9.462949946,0.026344062,0.543807146,0.284834337,0.888369958,14.48116667,0.371045237,1.528617142,13.73515424,71.65594271,74.19184596,2.737358977,-1.161339289,0.877079035,-2.208871026,-0.861539559,1.116273108,-1.738702472
7/10/2012,2012,YR1,2012-07,7,notpeak,9,2,1.362163542,0.059691875,0.517458334,0.024091458,194.8623801,8.712435582,22.35718464,0.439076307,0.003634252,0.065522302,0.008683733,17.8266736,0.442666194,1.752542818,0.004760977,0.046281206,0.251337345,3.359922836,16.99416129,0.268085841,2.124146397,15.73766398,67.46249881,66.68452051,3.92380363,-1.603833898,1.201343283,-1.732403286,-0.922306116,1.035406217,-1.444691433
8/10/2012,2012,YR2,2012-08,8,notpeak,9,2,0.77875,0.07513625,0.718845833,0.010848334,237.5148297,8.533082108,27.94643435,0.049976815,0.010522587,0.067720079,0.001190114,12.61534992,0.399829721,1.682973128,0.004556244,0.05754329,0.273183612,2.545723684,16.27141835,0.262260479,2.95282326,16.63278982,66.3066687,85.50414931,3.326727086,-1.633743668,1.333145434,-1.255377706,-0.939720002,1.22384456,-1.579480301
9/10/2012,2012,YR2,2012-09,9,notpeak,9,2,0.659341667,0.073183334,0.937077778,0.008660735,96.09192793,6.617059122,15.46104178,0.45087864,0.009288323,0.104350872,0.006445697,38.36984784,0.680687107,5.548280113,0.004873559,0.057975535,0.202396634,2.034663398,15.50783333,0.237790123,2.290193541,15.88962584,67.127378,80.78725098,5.082953677,-1.767097526,1.224238904,-1.623402514,-0.927324187,1.180830022,-1.233344697
10/10/2012,2012,YR2,2012-10,10,notpeak,9,2,0.075279167,0.08298375,1.078234722,0.000907634,245.9557842,8.542283665,28.46027129,0.075279167,0.005195602,0.339609494,0.000907634,33.66895463,0.539894002,2.253077483,0.004035132,0.051427822,0.5325278,5.160951407,11.91564516,0.367462217,3.597807403,13.71173925,76.84828422,89.51336512,2.129060032,-1.174550116,0.873013878,-0.969266887,-0.791046166,1.258579451,-1.94391041
11/10/2012,2012,YR2,2012-11,11,notpeak,9,2,0.169594444,0.116208333,1.704716667,0.001720994,177.8951013,6.332665744,27.69317783,0.169594444,0.029925071,0.783863613,0.001720994,27.51418116,0.322889424,3.129419285,0.005321952,0.065122739,0.952642588,4.58821286,7.8975,0.742585194,4.874582134,9.90657258,81.08064385,96.54619602,2.301109754,-0.216745578,0.098548765,-0.529433936,-0.737024026,1.315911461,-1.880456076
12/10/2012,2012,YR2,2012-12,12,notpeak,9,2,0.214805208,0.071,0.593314815,0.003551598,229.3513041,23.40648007,11.54554534,0.01024039,0.019886008,0.193153855,0.001111961,84.49513546,9.531538247,5.230659964,0.003359515,0.019512732,0.797817923,7.332200349,6.884888123,0.875230256,5.960206605,7.391194062,71.50788743,83.03346923,2.266669577,0.007008185,-0.599329026,-0.238242963,-0.863623751,1.201618484,-1.892769468
1/10/2013,2013,YR2,2013-01,1,notpeak,9,2,0.202475,0.046081482,0.538568519,0,373.5501932,11.37261216,51.59769202,0.202475,0.003939708,0.072449435,0,NA,3.199549788,NA,0.001222816,0.020667983,0.717809524,11.48078665,6.97034929,0.757813724,9.4064935,6.927618707,63.25985693,79.72418086,1.787379106,-0.189108102,-0.753655912,0.422564278,-0.987120161,1.170789083,-2.086748508
2/10/2013,2013,YR2,2013-02,2,notpeak,9,2,0.138877083,0.046774074,0.6909,0.000855769,NA,NA,NA,0.097291819,0.010309451,0.072627136,0.000855769,NA,NA,NA,0.001028972,NA,2.374065151,14.41947471,5.402681134,1.545937338,12.95013068,6.186515212,92.68075773,78.15315182,1.619634428,0.781536269,-1.023230323,0.885562444,-0.602282245,1.155702503,-2.167218765
3/10/2013,2013,YR2,2013-03,3,peak,9,2,0.701091319,0.140481482,2.403833334,0.004279566,158.7617679,7.983837997,19.78382893,0.223218294,0.042675266,1.22293473,0.00151663,19.13185416,0.692553697,1.104786842,0.003725012,0.032484003,2.644382365,3.541749344,4.982667553,2.509223758,8.980612027,5.192674344,94.73517798,60.65815061,4.217849387,1.440945898,-1.440474143,0.355465897,-0.580189632,0.96360722,-1.38568485
4/10/2013,2013,YR2,2013-04,4,peak,9,2,4.89444375,0.080237037,0.767005556,0.055696715,357.1792516,9.24202355,38.84088983,1.241715593,0.023821011,0.231996181,0.022355082,180.1361349,0.390362558,19.8219318,0.003401573,0.031606763,3.420740424,4.717883841,8.957936806,3.032561394,4.129816593,6.97030218,66.70287317,58.80614414,2.312508073,1.698851355,-0.73902108,-0.76954775,-0.933716775,0.94010271,-1.876421394
5/10/2013,2013,YR2,2013-05,5,peak,9,2,36.02237917,0.203114815,1.240525926,0.129695677,171.7557525,7.945850513,27.49668456,10.0822375,0.033716894,0.357415866,0.006245657,24.35419567,2.910738181,10.05049029,0.032518108,0.291019614,1.261784687,5.080892681,11.06669389,2.341262555,4.899388261,10.01231535,70.90861504,85.16512524,2.379031401,1.346620294,0.123845596,-0.522082912,-0.872104094,1.220833026,-1.853263615
6/10/2013,2013,YR2,2013-06,6,peak,9,2,39.71625,0.186277778,1.22097037,0.202120305,279.500226,6.252350821,45.54313869,7.394218986,0.020987042,0.145344278,0.037480913,77.65215021,0.262288219,14.22901287,0.014057741,0.26860255,0.254552262,2.387727858,13.97300104,0.758168474,3.73431027,12.51984747,93.82226025,101.3988684,2.867898715,-0.188470924,0.656349326,-0.915337994,-0.589947126,1.353085124,-1.700662964
7/10/2013,2013,YR2,2013-07,7,notpeak,9,2,8.372860417,0.107611111,1.241061111,0.071562664,300.5953045,6.566959222,45.7367408,4.500826368,0.006920724,0.019027778,0.055558191,24.43799028,0.423482777,1.693011623,0.003061443,0.06284195,0.302676672,6.386501072,13.93319886,0.278614467,4.387114465,13.95309995,107.9705899,90.31015723,2.329706122,-1.55138839,0.914588268,-0.682020312,-0.448413553,1.265297039,-1.870371258
9/10/2010,2010,PRE,2010-09,9,notpeak,10,8,0.239141146,0.254291667,2.756034722,0.000989723,223.7589713,11.18185172,19.6739525,0.080722304,0.015723226,0.350083222,0.00033745,52.08213955,1.64281786,3.661427662,0.00985846,0.081990506,0.864971099,14.26331635,14.38951632,0.586683857,14.26331635,15.11333511,27.928775,2,30.92114375,-0.537573712,1.104898234,1.025437088,-1.810981858,-1.622846147,0.240963135
10/10/2010,2010,PRE,2010-10,10,notpeak,10,8,2.571172917,0.181798611,1.830409722,0.011902791,534.6183982,11.82168009,39.68413639,1.64693317,0.054920045,0.642247074,0.004035705,265.4332819,1.639711716,15.50484499,0.006887052,0.085414888,0.328805347,17.31390698,11.19706015,0.596888223,15.78861167,12.79328824,33.4147375,2,36.99488795,-0.514097161,0.707826023,1.172571387,-1.630267387,-1.622846147,0.387401619
11/10/2010,2010,PRE,2010-11,11,notpeak,10,8,0.502942708,0.2093125,2.410381945,0.004022429,NA,NA,NA,0.108769108,0.097625527,1.030451688,0.001230974,NA,NA,NA,0.008254329,NA,0.369776379,24.82700354,8.566297569,0.349290863,21.07045526,9.88167886,44.45035,2,49.2128875,-1.243596831,0.09255418,1.590497619,-1.342703699,-1.622846147,0.620423303
12/10/2010,2010,PRE,2010-12,12,notpeak,10,8,0.549451389,0.127064815,2.445453704,0.0095675,NA,NA,NA,0.297115525,0.062503881,1.683470403,0.005399924,NA,NA,NA,0.006420904,NA,0.462053509,25.10465793,5.117187164,0.415914944,24.96583074,6.841742367,126.34665,2.0182625,137.8713946,-1.005920337,-0.783375435,1.836165137,-0.290038125,-1.615955866,1.461598262
1/10/2011,2011,PRE,2011-01,1,notpeak,10,8,0.21415625,0.020587,0.042777778,0.026794316,1655.988159,40.73478705,53.2980749,0.01946875,0.015743,0.027222222,0.021435453,815.7850352,13.61310635,37.83835656,0.001134633,0.034481988,0.397293788,20.06390724,4.636495632,0.429673648,22.58428259,4.876841398,188.38165,2.5077625,174.885793,-0.96161164,-1.589983296,1.690977268,0.112464913,-1.451348327,1.655781907
2/10/2011,2011,PRE,2011-02,2,notpeak,10,8,4.051122396,0.111203703,0.970277778,0.030469713,280.3485086,7.497995551,37.25571441,1.195259505,0.032281468,0.362673445,0.009930275,114.2645339,1.783845091,11.19189106,0.005381822,0.070992606,0.790733525,18.22940152,6.289124256,0.594013657,19.14665438,5.462809944,171.9175,2.94025,129.4712249,-0.520669644,-1.319643202,1.451841249,0.020308503,-1.330744167,1.410268169
3/10/2011,2011,PRE,2011-03,3,peak,10,8,2.6789,0.099722222,0.586462963,0.033117025,3396.576007,18.95379725,175.3020579,0.767805932,0.012491767,0.208101674,0.012221705,2006.159704,0.489655747,102.4593323,0.001807249,0.057704423,1.761540215,21.58247267,7.970246976,1.27613687,19.9059371,7.129685616,183.415,3.038625,133.4798554,0.520419403,-0.6851545,1.508161861,0.085541456,-1.305797273,1.435166138
4/10/2011,2011,PRE,2011-04,4,peak,10,8,4.30259375,0.177568722,1.139722222,0.022434337,429.4370354,12.66131232,33.73292803,2.054422105,0.072620111,0.466111111,0.01779665,63.33906017,0.865351579,2.697051995,0.006630682,0.105639185,1.846374167,27.69550306,9.684339583,1.803957191,24.63898787,8.82729328,165.1475,3.444125,108.4334906,0.991679431,-0.176281194,1.817080654,-0.020175209,-1.210843772,1.26547736
5/10/2011,2011,PRE,2011-05,5,peak,10,8,7.985432291,0.108354167,0.784947223,0.077845387,154.9665621,6.449580709,24.75908598,2.621521012,0.027116698,0.103297792,0.023958457,13.60345252,0.681116836,2.883671697,0.005209127,0.052142322,1.374164224,18.91662572,11.02851613,1.610269195,23.30606439,10.35642786,133.23,3.7125,79.46378066,0.837043947,0.204356371,1.736536814,-0.236583786,-1.15396509,1.011666585
6/10/2011,2011,PRE,2011-06,6,peak,10,8,2.602755556,0.1583,0.912685185,0.015635053,168.7858187,8.161809976,19.54225185,1.863650054,0.037000405,0.152612397,0.011727247,93.62671742,1.2059161,9.196510212,0.014119486,0.073001475,1.405602484,17.63195602,13.78896667,1.389883354,18.27429087,12.4087414,NA,NA,NA,0.63666339,0.635111043,1.384307569,NA,NA,NA
7/10/2011,2011,PRE,2011-07,7,notpeak,10,8,1.885872917,0.060305556,0.442305556,0.027742969,715.9054915,14.39611956,50.6358582,1.102294525,0.01998906,0.049459998,0.007962973,285.942937,3.726557281,17.45425979,0.001671544,0.036893156,0.778037753,15.92214316,15.01796774,1.091820118,16.77704959,14.40346721,291.9052616,100.6574302,7.318702041,0.308044776,0.990276112,1.260510463,0.55378197,1.347522028,-0.935681625
8/10/2011,2011,YR1,2011-08,8,notpeak,10,8,1.427059375,0.222928615,2.056537037,0.007683092,480.7383917,8.250684464,59.9858328,1.048931023,0.029818583,0.275079181,0.006184465,18.03831243,1.07627622,6.634587056,0.005869175,0.151412563,0.375394441,11.07604793,15.40990323,0.576716097,13.49909555,15.21393549,232.0369187,85.52450243,6.741420522,-0.560903533,1.120705047,0.945687146,0.322489394,1.224024976,-1.002770726
9/10/2011,2011,YR1,2011-09,9,notpeak,10,8,2.634770833,0.139074074,1.380462963,0.023459859,168.3886019,8.891440995,19.18953716,2.103279198,0.023004927,0.396276079,0.019773018,20.72987405,0.61459525,2.987416632,0.01176587,0.099628621,0.24256234,14.25772793,13.86761013,0.308978391,12.66688793,14.63875668,167.6043313,56.52135065,5.108906287,-1.410556623,1.028882449,0.853536135,-0.005294978,0.910063884,-1.229186187
10/10/2011,2011,YR1,2011-10,10,notpeak,10,8,1.554255208,0.1125,1.812037037,0.017477276,172.1165237,6.534732059,27.12536251,0.643884737,0.010419444,0.708582624,0.0069764,31.86296368,1.486590869,1.888540125,0.004978789,0.059675296,0.26640663,18.41419081,10.57590323,0.254484485,16.33595937,12.22175668,142.352493,45.02884227,5.879135774,-1.674721093,0.598935277,1.221925912,-0.169846655,0.73775385,-1.114523565
11/10/2011,2011,YR1,2011-11,11,notpeak,10,8,1.239077778,0.14725,1.239407408,0.010086927,176.1545767,7.226949719,24.47026283,0.589151875,0.044932904,0.261660025,0.003915894,4.687442345,0.269176883,1.400199641,0.006720981,0.074415185,0.436307733,29.27377415,8.612966667,0.351357181,23.84398248,9.594434949,182.4830066,48.57547863,5.365171788,-1.235566549,0.022270179,1.769582278,0.080408108,0.795223791,-1.18922207
12/10/2011,2011,YR1,2011-12,12,notpeak,10,8,0.623648958,0.080958333,1.016055556,0.006641499,305.283364,7.815969881,39.41806201,0.321671087,0.014403385,0.133954614,0.002324279,45.55639611,0.167941899,6.647704026,0.00253985,0.044280392,0.379531562,22.52290548,8.24383871,0.407919647,25.89833982,8.428402689,349.6563051,53.47103687,14.6533022,-1.032346884,-0.286454187,1.889271768,0.735687361,0.86801008,-0.368810563
1/10/2012,2012,YR1,2012-01,1,notpeak,10,8,0.354006771,0.08259375,0.736180555,0.003987466,202.7649005,7.622602843,22.1941971,0.134049697,0.013910691,0.178130959,0.000952048,41.80537505,0.220360723,4.450307834,0.008692744,0.104842292,0.417850491,21.63797377,7.078305565,0.398691026,22.08043963,7.661072138,355.5303779,52.27224066,18.92847045,-1.063501616,-0.51388362,1.658302843,0.752475098,0.850822164,-0.159774303
2/10/2012,2012,YR1,2012-02,2,notpeak,10,8,0.481202604,0.060152778,0.830152778,0.008434189,NA,3.648800545,NA,0.264060061,0.010216015,0.224169105,0.00518883,NA,0.940945627,NA,NA,0.060865337,0.598084331,16.42659264,7.01237931,0.507967411,19.03228321,7.045342438,256.8714664,45.95308558,14.73783144,-0.733716431,-0.713508061,1.44316458,0.424948279,0.753155178,-0.364113774
3/10/2012,2012,YR1,2012-03,3,peak,10,8,23.65647813,0.117069445,1.172055556,0.193907916,NA,NA,NA,6.577248116,0.021237262,0.400857808,0.022049721,NA,NA,NA,NA,NA,1.407758513,11.47870704,9.334032258,1.002921422,13.95264984,8.173205784,254.8532073,36.0611178,16.91538164,0.192418082,-0.359708956,0.993545507,0.416999696,0.569406168,-0.25158953
4/10/2012,2012,YR1,2012-04,4,peak,10,8,8.990019793,0.137,1.184659722,0.072853281,242.3886234,7.096645609,34.18153364,3.302045252,0.025262523,0.272114262,0.026774643,20.82603187,0.050400811,3.04219019,0.009532265,0.150080046,1.296848369,10.40968833,10.2656,1.352303441,10.94419769,9.799816129,197.1297101,36.98725029,15.06024653,0.599345407,0.072734023,0.64183527,0.158204901,0.588628139,-0.346443094
5/10/2012,2012,YR1,2012-05,5,peak,10,8,91.67964166,0.289402778,1.181347222,0.284703398,246.6297545,6.851539976,35.82674125,32.83556778,0.048153494,0.111956176,0.074145688,24.58273026,0.146094897,2.812371192,0.042492512,0.647552403,0.659488776,11.02410185,11.75105612,0.978168572,10.71689509,11.00832806,188.3312556,52.0308058,7.423418934,0.158394829,0.349799924,0.611440493,0.112195313,0.847312902,-0.924081217
6/10/2012,2012,YR1,2012-06,6,peak,10,8,84.73838333,0.33853,1.880722222,0.256739671,242.3148762,7.643605054,31.79929139,13.20968548,0.03742931,0.20794061,0.047178458,23.74694355,0.203254344,3.286585282,0.025714089,0.366867033,0.7780588,8.973990146,12.77926667,0.718773788,9.999045998,12.2651614,160.9121272,49.2159441,9.068416187,-0.261116535,0.607381834,0.511034095,-0.046354987,0.805152967,-0.760643625
7/10/2012,2012,YR1,2012-07,7,notpeak,10,8,13.16347083,0.06449875,0.4275,0.198100963,215.3857256,8.003769963,28.48405647,5.951803556,0.01407158,0.047599614,0.099372563,42.3962491,0.522034366,8.151093996,0.008146761,0.101271508,0.509150866,11.90049723,14.5686129,0.643604833,10.43724369,13.67393979,110.4540339,41.23359596,9.56967873,-0.411504888,0.866436712,0.57314868,-0.42549863,0.671010082,-0.716711959
8/10/2012,2012,YR2,2012-08,8,notpeak,10,8,1.303108334,0.064985,0.576511111,0.019071402,366.1162505,7.91777482,48.22443089,0.488357136,0.010344498,0.242192296,0.006246417,75.08242413,0.29156201,11.30134063,0.003063161,0.058445764,0.241380717,10.44784892,13.97254228,0.375265792,11.17417308,14.27057759,136.6944197,38.47860469,10.2634171,-1.145940502,0.968191913,0.671951656,-0.210716011,0.61859208,-0.659565197
9/10/2012,2012,YR2,2012-09,9,notpeak,10,8,2.256644444,0.065979167,0.762694445,0.03341683,120.3484213,6.430128948,18.94769644,1.132141824,0.009454029,0.186957176,0.01620911,3.991234166,0.396035672,1.400556219,0.005671806,0.048852229,0.201873989,9.521654052,13.77046667,0.221627353,9.984751486,13.87150448,132.4694076,30.66306145,14.8781109,-1.862931563,0.90061446,0.508962283,-0.242352905,0.446487914,-0.356378406
10/10/2012,2012,YR2,2012-10,10,notpeak,10,8,0.09734375,0.09627,1.226411111,0.000675998,206.3502806,6.367709074,32.46653378,0.056450672,0.014137795,0.276202089,0.000675998,55.56776788,0.358894218,8.40398474,0.006825221,0.088959946,0.28613331,20.14717028,11.38283871,0.24400365,14.83441217,12.57665269,135.1200914,32.10190073,10.71002016,-1.731979243,0.667135125,1.082291562,-0.222388794,0.481248184,-0.624785408
11/10/2012,2012,YR2,2012-11,11,notpeak,10,8,0.349139584,0.131063889,1.558022222,0.002699009,109.4207414,6.630856451,16.54377049,0.163590713,0.013751153,0.253346624,0.001226272,27.99998904,0.127458183,4.223204395,0.011476617,0.071977331,0.396253497,18.45172231,8.4111,0.341193404,19.2994463,9.896969355,141.8878698,35.80668702,6.819014102,-1.275530376,0.096238027,1.46335215,-0.17314095,0.564038952,-0.99342601
12/10/2012,2012,YR2,2012-12,12,notpeak,10,8,0.355953646,0.0553125,0.438638473,0.006576869,193.68334,14.57315168,13.09051097,0.054477401,0.005452856,0.051279297,0.001217373,33.33227201,1.881681516,0.81680642,0.003468914,0.021104111,0.513738878,17.65914219,7.450270682,0.454996188,18.05543225,7.930685341,132.1504077,37.02905773,7.913327486,-0.883650727,-0.431476292,1.36685876,-0.244782396,0.589484463,-0.871897048
1/10/2013,2013,YR2,2013-01,1,notpeak,10,8,0.592498958,0.034731945,0.561302778,0.019443908,277.3388469,14.37107286,23.2758399,0.038244519,0.007335566,0.200744316,0.003930166,75.49333279,6.460617394,4.294103978,0.001072629,0.01101153,0.447457355,28.95487448,7.658215619,0.480598117,23.30700834,7.554243151,158.1261053,38.34523259,12.69380927,-0.809121643,-0.547340986,1.736595468,-0.063954463,0.615960107,-0.486026413
2/10/2013,2013,YR2,2013-02,2,notpeak,10,8,0.175867708,0.047618056,0.445022222,0.004220371,NA,NA,NA,0.066539594,0.005353269,0.093044249,0.001698434,NA,NA,NA,0.001282974,NA,0.662093344,18.53436562,6.710972199,0.55477535,23.74462005,7.184593909,161.4780778,38.94270293,9.170872656,-0.613709962,-0.666875727,1.763534736,-0.042817099,0.627680045,-0.75146991
3/10/2013,2013,YR2,2013-03,3,peak,10,8,6.256840917,0.081638889,1.474263889,0.070809141,182.8069088,7.139914098,26.25268541,3.965264477,0.014926802,0.25980847,0.033034039,48.57123739,0.358821086,8.019947917,0.002958466,0.030638042,1.372884689,12.47995966,6.328977942,1.017489016,15.50716264,6.519975071,129.7970807,37.83573927,9.09909838,0.212051142,-0.898148518,1.146522766,-0.262888568,0.605820748,-0.757885586
4/10/2013,2013,YR2,2013-04,4,peak,10,8,89.91116533,1.627166667,1.866147222,0.164697067,125.3718914,7.691511366,16.40398957,27.52316118,1.315087664,0.543921437,0.055249008,18.94477185,0.314984949,2.701409837,0.140830314,1.177507254,1.904039949,11.65666765,9.193661111,1.638462319,12.06831366,7.761319527,165.2346003,38.07212317,7.221336564,0.860674424,-0.482909148,0.783431558,-0.019643897,0.610541863,-0.946617541
5/10/2013,2013,YR2,2013-05,5,peak,10,8,186.4768792,0.506555556,1.243202778,0.328780028,154.8701112,23.95310332,6.230445111,71.58597169,0.12862417,0.206880569,0.053255841,71.65792901,5.021134266,3.183061629,0.119723738,0.486977607,1.638615503,13.93480614,10.4761828,1.771327726,12.7957369,9.834921956,195.8352958,40.0319435,13.11608491,0.966828448,0.081253854,0.868192978,0.151566433,0.648591087,-0.459305101
6/10/2013,2013,YR2,2013-06,6,peak,10,8,46.58871875,0.184034722,0.7618375,0.247477829,242.0135762,6.782172857,36.27833179,11.98934654,0.021408271,0.134669809,0.054005861,48.84578616,0.253367023,8.210945632,0.027054594,0.43675685,0.782835055,8.329265973,12.32430868,1.210725279,11.13203606,11.40024574,150.8503489,36.51633905,15.01919246,0.448782729,0.433149114,0.666480268,-0.111420172,0.578915248,-0.348672022
7/10/2013,2013,YR2,2013-07,7,notpeak,10,8,2.294716667,0.084008333,1.1305,0.027052655,353.5611044,8.392896114,42.85412891,1.258419734,0.006678412,0.15020372,0.015446076,79.07090349,1.63966858,6.842163331,0.002650141,0.04572174,0.607884943,25.86398863,12.72050947,0.695359999,17.0966273,12.52240908,139.7994681,32.19694004,8.007176686,-0.306203719,0.65683676,1.287837089,-0.188082704,0.483489032,-0.862270114
9/10/2010,2010,PRE,2010-09,9,notpeak,8,16,2.329327778,0.2783125,2.728569445,0.005667871,514.5780071,14.62532484,34.98052018,2.031962409,0.059374698,0.52874254,0.004366302,91.16026931,2.367188607,1.583687679,0.008153614,0.128340387,0.703256506,5.570776688,15.27759583,0.508312143,5.570776688,16.08030598,25.3973125,2,28.11845313,-0.732792796,1.252660297,-0.336098893,-1.906724464,-1.622846147,0.163379962
10/10/2010,2010,PRE,2010-10,10,notpeak,8,16,0.641170833,0.110708334,1.077666667,0.00545125,333.9251858,8.74441609,38.22938495,0.184834301,0.012791667,0.247472223,0.00233625,78.18933979,0.040409209,9.118294256,0.00295831,0.050511791,0.357447464,7.750144457,11.68426411,0.530351985,6.660460573,13.48092997,24.04406875,2,26.62021897,-0.675005714,0.832566692,-0.077371687,-1.961899272,-1.622846147,0.118670121
11/10/2010,2010,PRE,2010-11,11,notpeak,8,16,0.77485625,0.096975,1.334576389,0.010128385,NA,NA,NA,0.164613838,0.018785816,0.278754287,0.003845138,NA,NA,NA,0.004848475,NA,0.330502074,10.87498313,8.697312847,0.343974769,9.312563794,10.19078848,21.0704125,2,23.3279567,-1.264476986,0.165941758,0.408030397,-2.09492996,-1.622846147,0.01087127
12/10/2010,2010,PRE,2010-12,12,notpeak,8,16,0.783076389,0.117847223,1.133263889,0.006605196,NA,NA,NA,0.216449197,0.015249289,0.202835557,0.002212974,NA,NA,NA,0.003976018,NA,0.561905722,12.09895453,3.260808804,0.446203898,11.48696883,5.979060826,30.9279125,2.0492,33.14082354,-0.910216763,-1.104496252,0.711933758,-1.708198267,-1.604424465,0.297570527
1/10/2011,2011,PRE,2011-01,1,notpeak,8,16,0.458597222,0.050080296,0.128148148,0.010249104,579.0830709,12.27945017,39.34830422,0.082542239,0.012475629,0.03997084,0.00241815,405.5289725,6.630786979,8.286089472,0.001091935,0.017675937,0.391693055,10.3894017,3.004111559,0.476799389,11.24417812,3.132460182,64.6454125,2.0984,44.7477185,-0.819925539,-2.644699071,0.680996187,-0.965287865,-1.586439871,0.542757732
2/10/2011,2011,PRE,2011-02,2,notpeak,8,16,2.805122396,0.113451389,1.017722222,0.028331121,217.7623385,7.841703973,26.76322343,0.568313473,0.018766208,0.132618691,0.009258675,90.49268288,2.852089918,1.629050389,0.004954953,0.059401001,0.7225658,9.945976674,4.53071503,0.557129428,10.16768919,3.767413295,67.32125,2.2675,46.63671444,-0.607945137,-2.204947463,0.535255666,-0.924418118,-1.527691049,0.576519865
3/10/2011,2011,PRE,2011-03,3,peak,8,16,0.963703125,0.162222223,1.869930555,0.005751432,226.3171657,8.538674995,24.55658294,0.328675667,0.032517258,0.518187981,0.001146799,102.2871888,1.87734392,9.12353147,0.006330022,0.051223673,1.359283573,12.46197152,6.998658938,1.040924687,11.2039741,5.764686984,58.86375,3.0365,43.67489006,0.24305357,-1.191490348,0.675808804,-1.059697865,-1.306327565,0.522942577
4/10/2011,2011,PRE,2011-04,4,peak,8,16,1.630507813,0.115973625,0.744375,0.016487974,357.1268975,11.75243423,30.0939884,0.381410274,0.028497162,0.182908612,0.005613175,97.28834895,1.922345315,4.919871155,0.004017684,0.051711426,1.618914815,8.738858571,9.550332639,1.489099194,10.60041505,8.274495789,42.995,5.216,23.03312358,0.730537585,-0.330363334,0.595614083,-1.376247923,-0.896218285,0.000485523
5/10/2011,2011,PRE,2011-05,5,peak,8,16,1.812540625,0.046544445,0.267579167,0.035431116,211.5706301,8.279719432,25.57442397,0.96884321,0.00817666,0.05154048,0.014829801,46.80987486,1.449336105,2.710532273,0.001583742,0.019184258,0.653049363,4.224836095,11.25693548,1.135982089,6.481847333,10.40363406,16.02,6.6265,5.35318149,0.362028264,0.215191838,-0.116738271,-2.37106275,-0.714788707,-1.191048955
6/10/2011,2011,PRE,2011-06,6,peak,8,16,1.403696875,0.082875,0.732555556,0.013333144,280.8680995,8.634953259,32.25507572,0.952699936,0.024066206,0.265746754,0.005533077,78.91531964,0.102301053,8.63684302,0.00302032,0.043182059,1.273926487,3.155536563,14.22053333,0.963487925,3.690186329,12.73873441,NA,NA,NA,0.137806869,0.697644397,-0.93255158,NA,NA,NA
7/10/2011,2011,PRE,2011-07,7,notpeak,8,16,0.867657292,0.068814815,0.88737037,0.016483758,932.309542,9.535961988,99.78915052,0.609617863,0.009670834,0.441087858,0.011051925,9.424352562,1.310816308,14.70534368,0.001676968,0.043214978,0.967444228,3.683649344,15.67506452,1.120685357,3.419592954,14.94779893,340.7351212,53.22495389,27.36019858,0.343570888,1.078657956,-1.042839983,0.70964393,0.864513477,0.14105836
8/10/2011,2011,YR1,2011-08,8,notpeak,8,16,0.325128125,0.180500052,1.665129629,0.002643478,581.6071193,9.863079757,63.88357337,0.141971656,0.046372512,0.4277907,0.001328582,115.3406949,1.559621893,17.67524687,0.006417666,0.149854883,0.863420651,6.299527505,16.36022581,0.91543244,4.991588425,16.01764517,356.8382641,52.41847808,25.24164006,0.068150386,1.243357881,-0.495082893,0.756175191,0.852939855,0.075249596
9/10/2011,2011,YR1,2011-09,9,notpeak,8,16,0.442156944,0.067666667,1.358166667,0,212.5273556,8.715679372,24.38448531,0.442156944,NA,NA,NA,NA,NA,NA,0.004728966,0.052077016,0.96762307,8.894259823,14.61690833,0.915521861,7.596893664,15.48856707,274.0818786,38.65010526,17.916967,0.068283369,1.163330082,0.113140373,0.490296534,0.621963107,-0.20461806
10/10/2011,2011,YR1,2011-10,10,notpeak,8,16,0.617159375,0.108074074,1.139185185,0.006246501,220.8618962,6.473947714,35.55817837,0.157614955,0.020274793,0.424871655,0.001183445,40.33104776,1.478954875,5.323585202,0.004007233,0.059126618,0.40982291,4.178173148,10.86787097,0.68872299,6.536216486,12.74238965,313.2639862,35.27044467,15.8406148,-0.319260792,0.698327953,-0.10464155,0.624940309,0.552600915,-0.305192465
11/10/2011,2011,YR1,2011-11,11,notpeak,8,16,0.259258854,0.136183333,1.306462963,0.002276156,434.5161122,14.25526067,35.73039872,0.065366514,0.015944966,0.342253306,0.00081223,186.8370634,7.474211168,9.253624475,0.005407066,0.081327922,0.512647629,6.121826388,8.4073,0.46123527,5.149999768,9.637585485,400.9655991,39.86099865,18.05187664,-0.865108819,0.032961675,-0.449837474,0.873662075,0.645347241,-0.198492755
12/10/2011,2011,YR1,2011-12,12,notpeak,8,16,0.330319792,0.074027778,1.065972222,0.003541074,251.2088928,8.465529202,30.06823311,0.212788084,0.013280538,0.375469622,0.001781819,61.032409,0.207397457,7.878739474,0.002594212,0.027935412,0.58793093,6.550864634,6.904193548,0.55028928,6.336345511,7.655746774,409.07072,43.69972291,17.47985399,-0.624763798,-0.515540371,-0.149617321,0.89382792,0.715042391,-0.224785964
1/10/2012,2012,YR1,2012-01,1,notpeak,8,16,1.123346875,0.05005,0.881777778,0.023867245,279.464867,7.567529347,36.97086516,0.391026163,0.007174085,0.205893,0.009685111,15.61404228,0.195115947,2.074202211,0.001311408,0.021159387,0.457457124,4.34102098,5.44375672,0.522694027,5.445942807,6.173975134,422.1951823,49.19186111,21.30553013,-0.694807552,-1.028064707,-0.368920342,0.925649706,0.804781951,-0.063177635
2/10/2012,2012,YR1,2012-02,2,notpeak,8,16,0.972788542,0.065833333,1.013541667,0.015185625,NA,2.828538838,NA,0.169179094,0.007224893,0.143887163,0.003007696,NA,1.073523182,NA,NA,0.050530209,0.567710475,4.599222562,5.637896552,0.5125838,4.470121771,5.540826636,343.3717211,44.9866196,13.74547478,-0.721399493,-1.285857338,-0.654875315,0.717411217,0.737042734,-0.421033448
3/10/2012,2012,YR1,2012-03,3,peak,8,16,4.496632292,0.083513889,1.626840278,0.050893215,NA,NA,NA,1.527926102,0.009692159,0.250769786,0.011395536,NA,NA,NA,NA,NA,0.999695484,6.690055885,8.694709677,0.783702979,5.644639224,7.166303115,458.3563026,58.26768115,18.33113909,-0.143373554,-0.672949104,-0.317023474,1.008458861,0.933129847,-0.185957546
4/10/2012,2012,YR1,2012-04,4,peak,8,16,6.824445833,0.084375,0.870569444,0.077581704,303.5264121,7.240098223,41.83667412,3.596182915,0.008335042,0.133536732,0.041031689,26.94796949,0.179685304,3.357113877,0.003817716,0.069155786,0.850114268,5.467953583,10.14873333,0.924904876,6.079004734,9.421721504,486.5771115,62.33509494,17.31467753,0.082165619,-0.021010275,-0.209661488,1.068665493,0.984278926,-0.232538604
5/10/2012,2012,YR1,2012-05,5,peak,8,16,27.68715833,0.099296296,0.581259259,0.36274044,176.2035065,6.3266226,27.92193371,9.958647457,0.029801285,0.192851948,0.028071823,18.1260533,0.143525862,3.158982882,0.024437437,0.292084841,0.209188977,3.89392476,12.40696203,0.529651623,4.680939172,11.27784768,363.6917558,52.35641446,15.7029594,-0.676804782,0.407430435,-0.588137677,0.77534509,0.852041823,-0.312319261
6/10/2012,2012,YR1,2012-06,6,peak,8,16,53.0406625,0.3167175,1.759541667,0.177842478,277.6042268,8.565790799,32.43210338,16.44154215,0.081162083,0.45090046,0.058995872,18.74364485,0.520693689,1.107705531,0.024601532,0.359439616,0.134955108,3.709845022,13.584,0.172072043,3.801884891,12.99548102,402.4495433,52.9149441,12.05692822,-2.20749339,0.745187186,-0.88936619,0.877384492,0.860085453,-0.528057949
7/10/2012,2012,YR1,2012-07,7,notpeak,8,16,9.245060416,0.05862,0.42075,0.129012963,190.2574622,11.84315439,17.02015833,5.199176766,0.008499536,0.122788699,0.070377817,28.61927386,2.784913531,1.644559942,0.007681034,0.059556525,0.185260923,6.769626195,16.23680645,0.160108016,5.239735609,14.91040323,474.9488886,58.90572864,16.05168593,-2.305605803,1.072689875,-0.424820704,1.044291852,0.941385287,-0.294384137
8/10/2012,2012,YR2,2012-08,8,notpeak,8,16,2.684091667,0.066705,0.460338889,0.062325081,167.2638194,8.019001532,20.86919608,1.742279295,0.005295,0.082561111,0.047276771,17.94457718,0.036973737,2.333980019,0.00699704,0.06889537,0.168881534,6.449999,15.48340625,0.177071229,6.609812598,15.86010635,403.4823515,55.69113098,19.30101194,-2.168503005,1.219808479,-0.088426294,0.879967159,0.898847011,-0.143859576
9/10/2012,2012,YR2,2012-09,9,notpeak,8,16,2.106086111,0.057561111,0.687641667,0.038976363,122.9012439,5.773946311,23.52990625,1.349388418,0.005081242,0.215194102,0.026958661,28.10992353,0.69836246,6.295627755,0.007344072,0.039381144,0.191295726,6.449999,14.7433,0.18008863,6.449999,15.11335313,318.0055808,48.39194638,21.57186001,-2.145498493,1.104901074,-0.123871498,0.640078174,0.792354339,-0.053033702
10/10/2012,2012,YR2,2012-10,10,notpeak,8,16,0.089231771,0.113660625,1.109610417,0.000716183,198.5915333,6.520137359,30.93406754,0.051535015,0.007020496,0.188101512,0.000414677,6.278629917,0.39778546,2.651078114,0.007710576,0.101752689,0.522632146,6.449999,11.78483871,0.356963936,6.449999,13.26406936,369.2855136,55.11493505,22.47779722,-1.214012809,0.793927853,-0.123871498,0.79072552,0.890963447,-0.019442464
11/10/2012,2012,YR2,2012-11,11,notpeak,8,16,1.012375,0.140622222,1.514636111,0.007288793,250.4643787,6.884378124,37.69146415,0.690231384,0.024041132,0.367467659,0.004182932,73.09897584,0.338830524,11.82785963,0.008049394,0.088512722,2.957403068,6.449999,8.362666667,1.740017607,6.449999,10.07375269,326.7250271,48.748216,14.83613311,0.942548099,0.138420822,-0.123871498,0.667335548,0.797914584,-0.358685495
12/10/2012,2012,YR2,2012-12,12,notpeak,8,16,1.575021875,0.097266667,0.881058334,0.014386451,178.3942969,10.79820278,15.84350093,1.108784198,0.018349826,0.153319298,0.007750296,45.00505132,0.857777327,2.986737802,0.006535113,0.046771465,0.9662556,6.449999,6.992319025,1.961829334,6.449999,7.677492846,301.1036368,45.40864111,21.36741857,1.105897984,-0.508782286,-0.123871498,0.585045042,0.744120629,-0.060809173
1/10/2013,2013,YR2,2013-01,1,notpeak,8,16,0.187548959,0.048805556,0.459345834,0.003973214,992.7284542,13.95444618,44.72534922,0.084370407,0.004873749,0.055350115,0.001616859,767.3329984,6.152727599,17.39241274,0.001044257,0.016316359,0.738873274,6.449999,6.788619134,0.852564437,6.449999,6.89046908,425.3656783,60.52397641,16.29965347,-0.028713868,-0.766466941,-0.123871498,0.933188559,0.961928637,-0.28186656
2/10/2013,2013,YR2,2013-02,2,notpeak,8,16,0.0700875,0.032519445,0.30065,0.001256048,NA,NA,NA,0.0700875,0.008277558,0.013906138,0.001256048,NA,NA,NA,0.001674213,NA,0.755198194,6.449999,5.14287315,0.747035734,6.449999,5.965746142,462.1904483,62.39867037,16.57797129,-0.208610336,-1.109807889,-0.123871498,1.016852923,0.985051637,-0.268041718
3/10/2013,2013,YR2,2013-03,3,peak,8,16,5.821805208,0.099423611,1.360159722,0.043136801,128.8087587,8.352945094,15.06554597,4.898301431,0.032392207,0.39485106,0.024920521,36.1025255,0.298561699,3.876885751,0.004497908,0.033493748,1.586670503,3.636041343,4.814838499,1.170934349,5.043020172,4.978855825,400.2585977,52.7895898,15.88964114,0.403286329,-1.540658397,-0.480237434,0.871883742,0.858287585,-0.302669185
4/10/2013,2013,YR2,2013-04,4,peak,8,16,85.34451043,0.291252778,1.283044445,0.205333009,230.3538016,8.895423242,26.22201878,50.67155506,0.118247766,0.250312941,0.073480873,53.24946916,0.290163159,6.667606767,0.045909146,0.782494326,1.972155418,6.298638012,8.573556597,1.77941296,4.967339678,6.694197548,352.715847,49.53904694,16.123811,0.973028661,-0.835318695,-0.502135286,0.744466234,0.810113122,-0.29072338
5/10/2013,2013,YR2,2013-05,5,peak,8,16,119.382375,0.463653704,1.293053704,0.209787177,187.416602,9.604150645,21.91634088,61.24587059,0.230421601,0.494212106,0.063732968,48.91972662,3.267329802,3.823803804,0.088781604,0.763297564,1.786640019,8.335326683,10.66260349,1.879397718,7.316982348,9.618080044,337.9835312,54.17893529,13.93220712,1.047456298,0.028134713,0.058772804,0.701473532,0.877979624,-0.410015376
6/10/2013,2013,YR2,2013-06,6,peak,8,16,40.83765,0.1954,1.283251852,0.209412764,141.0844658,6.354447306,22.27598893,9.444376577,0.000900206,0.233016263,0.049382178,37.34718221,0.230474662,5.887558203,0.016055346,0.133400007,1.363501949,5.620732126,13.49584757,1.575070984,6.978029405,12.07922553,330.2629164,48.96521456,17.79150694,0.806954467,0.570986205,-0.009917475,0.678188252,0.801281368,-0.210355857
7/10/2013,2013,YR2,2013-07,7,notpeak,8,16,3.826258333,0.096561111,1.267775,0.038317947,280.0861143,6.988678547,40.10352596,1.846334094,0.010813881,0.297101404,0.01968326,30.49758949,0.159547891,4.420169906,0.003069552,0.054622294,1.004021214,7.986735021,14.0082197,1.183761581,6.803733574,13.75203364,386.5860878,53.03026535,13.56022359,0.418119523,0.88000523,-0.04654979,0.836861023,0.861735667,-0.432113035
9/10/2010,2010,PRE,2010-09,9,notpeak,6,32,1.036061979,0.278451389,2.175493056,0.004064945,333.3679415,14.35655502,22.0082539,0.343495133,0.100315386,0.595401935,0.001428303,111.6700521,2.194741274,4.334101149,0.014003114,0.164285766,1.117959539,5.199904802,15.41358125,1.052990877,5.199904802,16.46879399,165.1959,2,182.8954607,0.258744476,1.30953717,-0.435871528,-0.019879934,-1.622846147,1.692348011
10/10/2010,2010,PRE,2010-10,10,notpeak,6,32,0.59185,0.16975,1.057277778,0.003405786,1333.610082,13.1536282,81.73005736,0.256997333,0.051219774,0.162614606,0.000657257,909.202981,3.153185475,41.47054969,0.003616133,0.074024218,1.340914061,4.869231547,10.96857863,1.2294368,5.034568175,13.19107994,152.0210375,2.4328875,145.0885608,0.469662761,0.780780836,-0.482666626,-0.103630266,-1.474325575,1.503260744
11/10/2010,2010,PRE,2010-11,11,notpeak,6,32,0.202799479,0.116006945,0.967479167,0.002261521,NA,NA,NA,0.118760409,0.01614299,0.140466388,0.001308156,NA,NA,NA,0.005324018,NA,1.688542486,4.279015489,7.577302778,1.514728273,4.574123518,9.272940704,135.7230875,2.9078875,103.4059636,0.753770344,-0.058934341,-0.621567479,-0.217901916,-1.339133762,1.22671249
12/10/2010,2010,PRE,2010-12,12,notpeak,6,32,2.874885417,0.111423611,1.1490625,0.032447917,NA,NA,NA,2.456828032,0.012856087,0.388405691,0.028704056,NA,NA,NA,0.005093299,NA,1.129824715,11.06123704,3.227019153,1.4091836,7.670126265,5.402160966,168.358725,2.742725,138.8961264,0.655438767,-1.346242851,0.1270339,-0.000769607,-1.383459061,1.467644793
1/10/2011,2011,PRE,2011-01,1,notpeak,6,32,1.136650521,0.032923822,0.083703704,0.038428534,1102.175041,22.07842806,43.11733233,0.557844114,0.001200214,0.008122856,0.021200442,565.2650914,11.65054099,17.26238216,0.00086834,0.016508255,1.018050835,7.448444278,3.139864583,1.073937775,9.254840659,3.183441868,258.708725,2.53545,178.2619865,0.285561654,-2.606234162,0.399025907,0.432129906,-1.443025078,1.671395156
2/10/2011,2011,PRE,2011-02,2,notpeak,6,32,8.638608853,0.147402778,1.326125,0.061519829,282.7746257,7.286541662,35.39656211,4.053726713,0.032882872,0.321001152,0.028570498,132.3724832,1.827705489,10.16606468,0.006376276,0.078085414,2.705882975,9.239594852,5.285760045,1.861966905,8.344019565,4.212812314,257.02625,3.1075,143.0485576,1.034770348,-1.938714326,0.248989821,0.425555288,-1.288807388,1.491698341
3/10/2011,2011,PRE,2011-03,3,peak,6,32,1.322577084,0.151375,1.027833334,0.00995748,824.0569418,16.37460043,41.60096875,0.558940144,0.034425588,0.172899343,0.004131096,482.7478967,6.280270036,10.02550897,0.00601349,0.104111002,4.374130251,15.0206021,7.772580309,3.540006613,12.13009848,6.529170177,253.57875,3.83725,145.8036979,1.909496504,-0.894790745,0.790826842,0.411947964,-1.128912101,1.507275575
4/10/2011,2011,PRE,2011-04,4,peak,6,32,8.404010418,0.113575315,0.728981481,0.080282465,472.6674232,10.41193468,44.91159491,1.90268231,0.026731498,0.171575723,0.009685592,127.8509187,2.408596495,3.494307952,0.003616793,0.07388006,6.334915517,17.14043035,10.0349309,5.354522884,16.08051623,8.903755605,247.22,4.563,119.9432943,2.472882917,-0.155732122,1.199101666,0.386357464,-0.997604176,1.347851951
5/10/2011,2011,PRE,2011-05,5,peak,6,32,3.573813542,0.097120833,0.722936111,0.035480551,255.4989027,6.739480925,34.67430267,1.390815013,0.01057492,0.231142144,0.012211176,85.07362803,1.095506678,9.558078271,0.002901256,0.047714347,1.147854955,12.8601068,11.41851613,3.741385236,15.00026858,10.72672352,188.035,4.559,91.32775045,1.984821992,0.288058059,1.098393358,0.11060895,-0.998268962,1.125291327
6/10/2011,2011,PRE,2011-06,6,peak,6,32,1.075972917,0.083088889,0.862055556,0.012659272,323.5811511,7.850425699,40.43548554,0.375666354,0.009813159,0.17663098,0.003364012,58.19174772,0.41309374,6.125387089,0.003565224,0.063596768,0.450111648,7.130284603,14.49213333,0.798983302,9.995195702,12.95532473,NA,NA,NA,-0.11708399,0.737813587,0.510476334,NA,NA,NA
7/10/2011,2011,PRE,2011-07,7,notpeak,6,32,1.582160417,0.090444445,0.723416667,0.016770635,638.5466732,6.917054688,87.14657308,1.020496832,0.006316091,0.076202667,0.009773864,227.5804304,0.480396253,27.67434098,0.001908654,0.055831992,0.363119432,6.87368324,16.4956129,0.40661554,7.001983922,15.49387312,523.6346313,32.29820489,34.60756356,-1.036706377,1.16414616,-0.004954533,1.142627002,0.4858694,0.332932074
8/10/2011,2011,YR1,2011-08,8,notpeak,6,32,0.285541667,0.093880422,0.866055556,0.003073895,558.9761014,10.93145049,52.00604193,0.075487738,0.014984609,0.138234397,0.000539509,144.5962483,0.931218369,12.7063493,0.00402258,0.080280366,0.534400545,4.484664007,17.15058065,0.448759988,5.679173624,16.82309678,515.3055301,30.83729639,40.18614896,-0.902439907,1.360251299,-0.308190243,1.126469887,0.45078299,0.454964569
9/10/2011,2011,YR1,2011-09,9,notpeak,6,32,1.297916667,0.102361111,1.423597222,0.014351676,206.4633525,6.926747062,30.20395556,0.482873844,0.0236508,0.581194587,0.003747505,50.00197904,0.138751065,7.474214525,0.006045617,0.055308102,0.641802194,4.068153798,14.65216667,0.588101369,4.276408903,15.90137366,400.0114123,21.92190142,34.97505221,-0.534288217,1.225999783,-0.719033587,0.87126125,0.192116433,0.34155702
10/10/2011,2011,YR1,2011-10,10,notpeak,6,32,0.594445834,0.091222222,0.752,0.006721829,260.3623767,7.63390942,34.06453659,0.120950235,0.015869906,0.114948226,0.001451251,13.57333899,0.122881416,1.383897667,0.004406471,0.066190727,1.460519869,4.268487807,10.20664516,1.051161032,4.168320803,12.42940592,318.6830447,17.929151,36.31462969,0.256376542,0.639075489,-0.756108046,0.642222576,0.039709766,0.372247345
11/10/2011,2011,YR1,2011-11,11,notpeak,6,32,0.304145139,0.119892593,1.370148148,0.002748904,228.7769193,7.125819298,35.41361291,0.120588341,0.027224547,0.593456994,0.00109446,40.3103215,1.055341627,11.96059066,0.004143148,0.049145578,1.418845157,5.254714146,7.741166667,1.439682513,4.761600977,8.973905914,345.0930693,18.77150434,27.98616684,0.684590283,-0.137034018,-0.563394888,0.722450107,0.074512134,0.159529382
12/10/2011,2011,YR1,2011-12,12,notpeak,6,32,0.847539583,0.065486111,0.502513889,0.016666257,283.8409047,7.990384086,35.51463957,0.573705105,0.007460644,0.114843159,0.012861541,14.9629908,0.371001319,0.862997891,0.002274553,0.03631555,1.043882204,7.190809109,7.357677419,1.231363681,6.222761628,7.549422043,308.1197615,15.10975019,42.39535294,0.471794877,-0.548862028,-0.175812947,0.608255667,-0.089978535,0.498663003
1/10/2012,2012,YR1,2012-01,1,notpeak,6,32,0.388077083,0.06804375,1.041138889,0.005077814,272.2819294,7.373096069,36.72281771,0.13767097,0.010975201,0.38561432,0.001902254,32.69194271,0.210896914,3.903025567,0.008506002,0.123188852,1.298026596,7.114586485,6.767526882,1.1709544,7.152697797,7.062602151,366.4387332,16.3133136,53.47635967,0.403309642,-0.707678357,0.025886472,0.782927435,-0.031882701,0.688265108
2/10/2012,2012,YR1,2012-02,2,notpeak,6,32,0.905296875,0.055,0.786527778,0.017178309,NA,6.173755029,NA,0.230380208,0.006388889,0.300416667,0.006184191,NA,1.045768716,NA,NA,0.075386404,2.133864178,5.90344484,6.60737931,1.715945387,6.509015663,6.687453096,405.5079917,19.03189703,56.167033,0.923581638,-0.837720366,-0.110680895,0.885013386,0.08495493,0.728349465
3/10/2012,2012,YR1,2012-03,3,peak,6,32,13.43473542,0.099402778,0.730347222,0.128175334,NA,NA,NA,3.839014519,0.020009686,0.110467894,0.024366131,NA,NA,NA,NA,NA,4.024776791,4.578929788,9.424612903,3.079320485,5.241187314,8.015996107,260.3699316,13.31797458,49.52882082,1.719683395,-0.405983692,-0.424419525,0.438579596,-0.185660402,0.625648534
4/10/2012,2012,YR1,2012-04,4,peak,6,32,22.21427639,0.05975,0.277138889,0.102087046,296.739259,7.512417243,39.51212748,14.65542644,0.028583333,0.070305556,0.072352955,24.24460934,0.02738659,3.371313247,0.004674142,0.088222981,4.190993536,4.346740585,10.53163333,4.107885164,4.462835187,9.978123117,290.0256907,17.90070439,53.39387048,2.112052933,0.115695138,-0.657237903,0.547272649,0.038506124,0.687004589
5/10/2012,2012,YR1,2012-05,5,peak,6,32,69.1919375,0.214851852,0.924259259,0.352914118,284.9452126,7.482635695,38.15221803,4.746865073,0.040693188,0.267626454,0.050219414,12.21632341,0.13331413,2.19299439,0.034071768,0.598531908,0.713086641,4.363400931,12.43008199,2.452040089,4.355070758,11.48085766,380.9062301,28.04525699,33.41572618,1.409560245,0.449937176,-0.692636868,0.821946194,0.378842608,0.304315804
6/10/2012,2012,YR1,2012-06,6,peak,6,32,70.68973333,0.318093333,1.767185185,0.210720278,279.879757,7.929408556,35.25336525,24.64878022,0.088159711,0.489776174,0.03155847,36.33074957,0.327837835,4.113302411,0.019647791,0.322065146,1.24995829,4.174219528,13.6119,0.981522465,4.26881023,13.020991,301.030438,30.20052735,20.73033243,0.163054919,0.749859567,-0.721609158,0.584800047,0.434966479,-0.085525369
7/10/2012,2012,YR1,2012-07,7,notpeak,6,32,2.263566667,0.058752593,0.418888889,0.034723236,340.4236776,8.470554216,40.68277327,0.563321751,0.003525399,0.072621574,0.012944451,161.3053206,0.130204314,19.76910045,0.004098336,0.058208388,1.051159654,3.659703197,15.85596774,1.150558972,3.916961363,14.73393387,312.1569504,32.51371508,23.59605897,0.379387227,1.044323154,-0.846181948,0.621373034,0.490910515,0.020202078
8/10/2012,2012,YR2,2012-08,8,notpeak,6,32,0.632085417,0.049286667,0.271291667,0.014579108,NA,9.216375811,NA,0.284693812,0.005015233,0.061387125,0.007142708,NA,0.212817105,NA,NA,0.046131866,1.17642727,3.321662229,15.379458,1.113793462,3.490682713,15.61771287,328.8838501,25.43314449,32.94433657,0.335172497,1.183113948,-1.013042062,0.673971767,0.304733562,0.292714956
9/10/2012,2012,YR2,2012-09,9,notpeak,6,32,0.839752083,0.061886111,0.600725,0.013094031,162.0692466,6.522581332,26.08900406,0.22324544,0.004388672,0.130827349,0.002597973,16.52254016,0.421486524,5.128444751,0.003691778,0.045673827,1.26517938,3.29590513,14.81003333,1.220803325,3.30878368,15.09474567,314.2050096,22.4457443,35.29706123,0.460068511,1.101965857,-1.090545002,0.627962733,0.210017004,0.349040391
10/10/2012,2012,YR2,2012-10,10,notpeak,6,32,0.156074479,0.08747125,1.545954861,0.001657086,198.5586769,5.51395173,35.84752546,0.054821617,0.007504792,0.347296737,0.000580932,20.83440172,0.29483331,2.589243517,0.00253034,0.041227485,1.473433806,4.878079326,11.7596129,1.369306593,4.086992228,13.28482312,358.1940588,25.90166415,33.33165398,0.616356861,0.797652859,-0.78464336,0.759996531,0.318570499,0.302258835
11/10/2012,2012,YR2,2012-11,11,notpeak,6,32,0.390672917,0.105855556,1.248725,0.003975936,252.0413573,6.246406288,40.43902871,0.247003465,0.016648166,0.282503004,0.002842445,33.50514891,0.226851497,5.18444391,0.004383,0.077974379,1.39538666,5.240907663,7.9011,1.434410233,5.059493495,9.83035645,345.1066705,23.33713609,31.36952436,0.679595341,0.080147574,-0.475514508,0.722489821,0.239538096,0.252718619
12/10/2012,2012,YR2,2012-12,12,notpeak,6,32,0.454919792,0.078430556,0.739933333,0.006084297,189.2908705,8.769443992,21.27479161,0.205566878,0.011314042,0.088896954,0.003012756,39.14741738,0.739357495,3.733940519,0.004393851,0.040763047,1.086050167,4.850999258,6.714239583,1.240718413,5.045953461,7.307669792,362.7773781,24.51160941,33.79138097,0.482098804,-0.626406619,-0.479395328,0.772808468,0.276757711,0.313444052
1/10/2013,2013,YR2,2013-01,1,notpeak,6,32,0.149260417,0.044319445,0.573225,0.003273458,612.0626373,11.01580049,73.257678,0.094676771,0.007780864,0.123145907,0.001949981,68.18010286,2.711451176,5.198930218,0.000557702,0.021375957,1.309928435,8.929073396,7.371169019,1.197989301,6.890036327,7.042704301,406.0958147,26.73431333,29.17180269,0.434385357,-0.714400386,-0.02829544,0.886473039,0.342554831,0.193409587
2/10/2013,2013,YR2,2013-02,2,notpeak,6,32,0.188630556,0.053086111,0.336513889,0.004558511,NA,NA,NA,0.045884205,0.024758882,0.038665851,0.001884901,NA,NA,NA,0.001838551,NA,2.130891827,10.50853479,6.485259673,1.720410131,9.718804093,6.928214346,392.4959193,26.77420183,38.77994526,0.927119419,-0.753451066,0.469865908,0.852148899,0.343684983,0.425879995
3/10/2013,2013,YR2,2013-03,3,peak,6,32,5.792602084,0.098111111,1.751930556,0.048853078,131.1474189,6.869719407,18.79336989,3.438875787,0.031098972,0.556496012,0.017852861,26.6018437,0.646477101,3.576629091,0.002612225,0.022035818,3.346186293,7.165203677,5.798157379,2.73853906,8.836869234,6.141708526,379.856618,28.78161055,30.6924806,1.560006403,-1.040549239,0.332098617,0.81916567,0.398488376,0.234902325
4/10/2013,2013,YR2,2013-04,4,peak,6,32,78.92890833,0.309319445,1.149661111,0.26870589,183.0246888,8.406977855,21.94053827,28.205335,0.06506208,0.277932669,0.089053981,41.11952853,0.331831204,5.059559903,0.054657735,0.536102361,4.657841758,6.139531408,9.360286111,4.002014026,6.652367543,7.579221745,386.8999209,30.95434212,25.56681775,2.076504618,-0.539475846,-0.079132446,0.837678721,0.453654685,0.085701607
5/10/2013,2013,YR2,2013-05,5,peak,6,32,109.9919479,0.425370834,1.359343056,0.274405206,221.7302013,10.21568643,21.52401529,12.51386041,0.077587805,0.47161847,0.035465675,38.2659601,0.294244811,3.262969796,0.062530546,0.552213336,1.964618362,6.70302424,10.87020061,3.31123006,6.421277824,10.11524336,422.4625204,31.35457517,37.16493819,1.818539475,0.148213756,-0.130334589,0.926287568,0.463392931,0.391146332
6/10/2013,2013,YR2,2013-06,6,peak,6,32,34.75691042,0.203659722,1.457961111,0.160055573,250.6578423,7.047031069,35.39113374,12.88439487,0.020637744,0.422850103,0.05496603,20.01403691,0.299761113,1.501894645,0.013491966,0.22064436,0.615583129,5.680340394,13.11062292,1.290100745,6.191682317,11.99041177,395.9037965,30.71985402,33.76087419,0.535235903,0.553403359,-0.183064048,0.860860282,0.447890586,0.312706546
7/10/2013,2013,YR2,2013-07,7,notpeak,6,32,1.342045834,0.115016667,1.761363889,0.011668854,321.7586494,6.912179498,47.73129293,0.838989771,0.014035902,0.581682083,0.007858125,45.41630357,0.342094596,8.730683478,0.002798628,0.057590869,0.096132241,6.801226056,13.03960322,0.355857685,6.240783225,13.07511307,359.752969,28.9087445,28.75242426,-1.218238573,0.759742273,-0.171624905,0.76437252,0.401829334,0.181585636
9/10/2010,2010,PRE,2010-09,9,notpeak,7,128,0.381263021,0.271125,2.787291667,0.001758901,339.5436277,10.95721137,31.80330745,0.281947004,0.053010648,0.448272467,0.001502414,67.99228363,1.746705722,4.566443344,0.006202359,0.081296321,0.57084553,3.993491602,15.6333461,0.85953948,3.993491602,16.83917204,34.85,2,38.58392857,-0.017620807,1.362526874,-0.818159617,-1.587888862,-1.622846147,0.421742239
10/10/2010,2010,PRE,2010-10,10,notpeak,7,128,0.493857292,0.202888889,1.766611111,0.001061932,643.9310083,10.59391133,65.27417471,0.251996741,0.06662606,0.483561539,0.000613107,161.3811333,1.497657763,19.50346207,0.004367997,0.093457254,1.581811427,7.214483233,11.15229368,1.076328478,5.603987418,13.39281989,31.875,2,35.29017857,0.288589027,0.8169433,-0.327490932,-1.677804106,-1.622846147,0.348881156
11/10/2010,2010,PRE,2010-11,11,notpeak,7,128,0.212209375,0.1258625,2.008166667,0.001730556,NA,NA,NA,0.123123775,0.011275811,0.242555118,0.001059745,NA,NA,NA,0.004785298,NA,0.910971041,14.89746543,7.770309722,1.246391234,11.05597433,9.461301701,24.125,2.25,24.5675,0.488309455,-0.01102216,0.6565512,-1.958513207,-1.533563969,0.053145293
12/10/2010,2010,PRE,2010-12,12,notpeak,7,128,0.610020834,0.178888889,1.597222223,0.006396875,NA,NA,NA,0.298520834,0.101111111,1.169444445,0.005284375,NA,NA,NA,0.007314491,NA,0.641647066,16.01791586,2.949415659,0.776309053,15.45769065,5.359862691,44.925,2.25,47.59607143,-0.156279286,-1.364971541,1.14189523,-1.33200067,-1.533563969,0.593146426
1/10/2011,2011,PRE,2011-01,1,notpeak,7,128,0.504024305,0.056172139,0.156666667,0.017060485,503.6756773,11.91284404,38.04227197,0.175192042,0.020231378,0.061173369,0.007651151,273.2425336,5.776906563,12.97676073,0.00235615,0.018779461,0.541887387,10.43036475,2.209507728,0.591767227,13.22414031,2.579461694,93.5,2,78.05357143,-0.525828117,-3.107485465,0.915885019,-0.593414212,-1.622846147,0.997045623
2/10/2011,2011,PRE,2011-02,2,notpeak,7,128,4.081947917,0.104513889,0.655138889,0.045126513,263.7628952,6.491694498,40.23863753,0.201177084,0.040625,0.24625,0.015615987,65.24696211,0.314184487,8.103370614,0.004034281,0.075779833,1.161678071,12.35376834,4.176979911,0.851782729,11.39206655,3.19324382,106.6,2.45,87.39650146,-0.029962742,-2.598909387,0.699919404,-0.461286861,-1.469012444,1.089363882
3/10/2011,2011,PRE,2011-03,3,peak,7,128,1.307651042,0.090555555,0.812465278,0.013882065,167.7179906,8.967897479,20.15734679,0.449592007,0.018616552,0.210011867,0.002307365,58.20203552,2.708954311,5.800585227,0.005256624,0.039361597,2.736552136,31.06272903,6.665727151,1.949115104,21.70824869,5.421353531,92.1,3.225,67.91700073,1.097045969,-1.337793144,1.633683679,-0.608616369,-1.260673837,0.883457086
4/10/2011,2011,PRE,2011-04,4,peak,7,128,2.1805,0.053329042,0.342291667,0.039279799,335.4126187,8.176475871,43.87798,1.49909375,0.003343209,0.021458334,0.025647811,22.22672824,2.354751162,9.918086645,0.001773262,0.030900717,5.475629466,20.34022924,9.193569345,4.106090801,25.70147914,7.929648248,63.325,3.65,37.35349026,2.111458109,-0.43178788,1.878221523,-0.98608303,-1.166835049,0.395278498
5/10/2011,2011,PRE,2011-05,5,peak,7,128,3.663586111,0.06097037,0.463787037,0.049906047,240.936545,6.490076617,37.07704403,2.188631497,0.017900418,0.213165689,0.017340855,29.29044944,0.715715494,0.424314644,0.002260174,0.04818605,1.629817046,NA,11.29206452,3.552723256,20.34022924,10.24281693,39.15,3.3,26.26948052,1.914378436,0.178074901,1.539417854,-1.470649575,-1.243247268,0.107840136
6/10/2011,2011,PRE,2011-06,6,peak,7,128,0.944018055,0.24475,0.126388889,0.005252388,176.0402587,9.142690585,19.12738047,0.221637824,0.17825,0.126388889,0.002944981,39.60142784,0.317562344,3.667114376,0.020051504,0.14607383,0.788475937,NA,15.07376667,1.209146491,NA,13.1829156,NA,NA,NA,0.447006236,0.779305735,NA,NA,NA,NA
7/10/2011,2011,PRE,2011-07,7,notpeak,7,128,0.878689583,0.093388889,1.607083334,0.009801825,381.7707012,7.149654794,53.3970817,0.431707063,0.018684102,0.568519998,0.004996098,NA,NA,NA,0.001527098,0.035733704,0.735223883,2.251928225,17.10167742,0.76184991,2.251928225,16.08772205,472.561963,8.34600558,136.1346547,-0.181876127,1.253758862,-1.647803973,1.039214907,-0.539908175,1.451247087
8/10/2011,2011,YR1,2011-08,8,notpeak,7,128,0.437397917,0.110453578,1.018944445,0.006529816,1408.806816,11.3972627,122.249274,0.156241352,0.031561984,0.291162211,0.004531691,504.0077977,0.420570186,41.20706719,0.00296379,0.12020692,0.962739112,2.352796602,17.60654839,0.848981497,2.302362414,17.35411291,513.3210195,8.397383273,124.7047601,-0.034447486,1.434294045,-1.615727912,1.122581736,-0.535256122,1.379639933
9/10/2011,2011,YR1,2011-09,9,notpeak,7,128,0.195336459,0.126111111,1.534597222,0.001748939,215.6890882,6.800343437,31.15650125,0.021336818,0.034549064,0.575431588,0.000257692,50.87642794,0.721319332,5.322171316,0.005799079,0.07101307,0.365297664,3.836099916,14.89764653,0.664018388,3.094448259,16.25209746,396.5216468,6.692252823,122.3750434,-0.368993672,1.277979159,-1.187532548,0.862431628,-0.707304145,1.364241095
10/10/2011,2011,YR1,2011-10,10,notpeak,7,128,0.679459375,0.206875,2.145375,0.00350682,334.4436939,7.254369531,46.59801117,0.225898099,0.027428174,0.564060288,0.001129636,17.96562641,0.531296282,2.983745573,0.00607906,0.127468001,0.4360758,4.022520867,10.34367742,0.400686732,3.929310392,12.62066198,245.7127029,5.289936606,191.6215142,-1.056703672,0.675457877,-0.841623376,0.380194928,-0.885548788,1.730404978
11/10/2011,2011,YR1,2011-11,11,notpeak,7,128,0.01,0.17315,1.764333334,5.80E-05,469.1152669,7.998385773,58.07343067,0,0.01165,0.347666667,3.90E-06,99.52538303,0.54425524,8.491540169,0.003021829,0.076996077,0.688537003,7.803761433,7.7474,0.562306402,5.91314115,9.04553871,243.0718379,5.38558126,119.5339953,-0.595352634,-0.118090997,-0.249724244,0.369306132,-0.871965798,1.345060783
12/10/2011,2011,YR1,2011-12,12,notpeak,7,128,0.54123125,0.077097222,0.963180556,0.007179102,199.2372583,8.548739842,24.26178924,0.186283826,0.004626835,0.068082596,0.002705378,59.45213227,0.397837976,7.516865274,0.005551758,0.035701969,0.642224944,14.82438393,6.84116129,0.665380973,11.31407268,7.294280645,234.1341419,4.9581604,71.08671177,-0.366202796,-0.630775987,0.689970441,0.331556093,-0.934647018,0.920702925
1/10/2012,2012,YR1,2012-01,1,notpeak,7,128,0.801247222,0.0650875,0.548444445,0.017083689,302.7086098,7.364545594,41.13066433,0.206719914,0.017036803,0.169188136,0.005189011,16.47288478,0.257296756,2.017036855,0.002347574,0.044428283,0.684607387,11.1303357,5.193191511,0.663416165,12.97735982,6.017176401,243.3411194,4.702024609,150.6462856,-0.370228983,-1.089355922,0.888604257,0.370421834,-0.974853739,1.533954842
2/10/2012,2012,YR1,2012-02,2,notpeak,7,128,1.907072222,0.073722222,1.060180556,0.021106272,NA,6.308131239,NA,0.912278574,0.015414256,0.366179446,0.007487922,NA,0.409591441,NA,NA,0.183225872,1.016152449,7.397903053,5.101068966,0.850379918,9.264119377,5.147130239,264.7832715,5.244478567,120.5528141,-0.032206782,-1.461463499,0.400477118,0.455516674,-0.892090855,1.351990898
3/10/2012,2012,YR1,2012-03,3,peak,7,128,10.00369271,0.098423611,1.360215278,0.086024062,NA,NA,NA,5.30429397,0.034546376,0.589511146,0.02564682,NA,NA,NA,NA,NA,2.375716358,7.046493508,8.439032258,1.695934403,7.222198281,6.770050612,399.9622896,8.015279839,131.0673775,0.90761138,-0.808473159,0.039890259,0.871137498,-0.57055756,1.420273166
4/10/2012,2012,YR1,2012-04,4,peak,7,128,12.08814688,0.128666667,0.5208125,0.103060146,299.4159252,7.636998399,39.46287929,1.350131728,0.031471548,0.060695738,0.014045389,10.30839626,0.39114523,2.164761433,0.017439798,0.331164689,3.365807753,6.224097226,9.842466667,2.870762055,6.635295367,9.140749463,516.3513858,11.70734407,99.22180061,1.624202839,-0.093143765,-0.082853787,1.128512958,-0.283368162,1.192985267
5/10/2012,2012,YR1,2012-05,5,peak,7,128,77.78803959,0.223185185,1.155759259,0.355968956,215.6559194,6.28087534,34.38242541,15.5711504,0.057814815,0.365889168,0.053613015,3.703693087,0.122336934,1.240896637,0.038138433,0.588871814,1.187339306,7.445184065,12.33507695,2.27657353,6.834640646,11.08877181,543.5661903,11.99314084,85.30415454,1.308473966,0.367147364,-0.039985995,1.180270722,-0.265085764,1.069577328
6/10/2012,2012,YR1,2012-06,6,peak,7,128,136.0632,0.41524,2.306888889,0.278862012,241.8473924,8.164967327,29.76070658,46.25268625,0.05196,0.288666667,0.149070345,0.516091119,0.569901349,2.014040601,0.026923977,0.358728202,0.661487152,4.168675874,13.889,0.924413229,5.80692997,13.11203848,592.5276308,13.9937565,79.4822666,0.081441727,0.766461413,-0.275973129,1.267177968,-0.148140817,1.011856518
7/10/2012,2012,YR1,2012-07,7,notpeak,7,128,11.95121667,0.07058125,0.752055556,0.186464889,299.8094168,8.157570399,37.03766925,6.793986665,0.010025414,0.256111451,0.108228204,77.92411299,0.31465215,10.23684646,0.004908591,0.067002636,0.50670308,5.196436429,16.6366129,0.584095116,4.682556152,15.26280645,609.6639038,18.89127194,76.45672326,-0.543594408,1.128346206,-0.587637498,1.29590687,0.079333171,0.980167238
8/10/2012,2012,YR2,2012-08,8,notpeak,7,128,0.678810417,0.0816,0.695111111,0.005407986,170.666194,8.796130823,19.40241652,0.541791212,NA,NA,NA,NA,NA,NA,0.007638284,0.066929556,0.580116018,3.868322899,15.79456519,0.543409549,4.532379664,16.21558905,612.3118859,16.77887219,107.3964723,-0.641891994,1.272620967,-0.634844569,1.30027404,-0.010552764,1.257630656
9/10/2012,2012,YR2,2012-09,9,notpeak,7,128,6.557075,0.089175,0.841872222,0.061371396,152.300376,6.856643955,23.44694091,4.75741683,0.011756914,0.152703888,0.043948092,1.554604692,0.428967131,1.783405426,0.006618754,0.073707542,0.786359906,5.735214126,14.9636,0.683237962,4.801768513,15.3790826,600.4169227,12.02701759,98.79480547,-0.330146875,1.146428504,-0.551229505,1.280506153,-0.262947614,1.189463739
10/10/2012,2012,YR2,2012-10,10,notpeak,7,128,0.110322917,0.113691667,1.408953703,0.001173258,269.4733583,6.002043173,44.94760976,0.110322917,0.013849641,0.184942811,0.001173258,18.12554786,0.192270783,3.093681569,0.003530733,0.072923367,0.684055845,6.874971078,11.47148387,0.735207876,6.305092602,13.21754194,575.7873177,10.99921548,150.6769905,-0.230338747,0.785555617,-0.156777994,1.238299092,-0.330662993,1.534121254
11/10/2012,2012,YR2,2012-11,11,notpeak,7,128,3.069572917,0.154401389,1.1522,0.016386881,259.4285614,7.703939527,34.02666081,2.919270808,0.016183216,0.195792281,0.015440435,30.78168281,0.237878637,4.759254692,0.008837649,0.136660383,0.667162921,3.939503248,7.2176,0.675609383,5.407237163,9.344541935,547.2728216,10.13966159,110.301861,-0.345433435,-0.0406079,-0.379249814,1.187118778,-0.392342764,1.279427024
12/10/2012,2012,YR2,2012-12,12,notpeak,7,128,0.4438875,0.066851389,0.589930556,0.007870364,101.6978086,9.135787973,11.23670333,0.16336229,0.014232292,0.148568513,0.003252094,13.48388184,0.886949992,1.2573157,0.006931993,0.034307905,0.827526416,5.004864305,6.383889113,0.747344669,4.472183777,6.800744557,518.701043,10.90812575,128.4630831,-0.208047428,-0.797695496,-0.654207434,1.133087945,-0.336966675,1.403885183
1/10/2013,2013,YR2,2013-01,1,notpeak,7,128,0.348490625,0.0491,0.613766667,0.007469789,367.0572468,8.84577098,42.01640481,0.102922828,0.008754309,0.125261227,0.001959248,29.82439863,0.439046036,6.109907548,0.001001731,0.016730943,0.619848648,14.36640925,6.237292675,0.723687532,9.685636778,6.310590894,507.9069783,11.34350424,74.69359137,-0.251840929,-0.97591869,0.464915185,1.111897343,-0.307299745,0.961116814
2/10/2013,2013,YR2,2013-02,2,notpeak,7,128,0.105455729,0.027345833,0.358439583,0.003967894,NA,NA,NA,0.035161227,0.002251657,0.029652816,0.001388282,NA,NA,NA,0.000808351,NA,1.461789774,12.64957842,4.464808408,1.040819211,13.50799384,5.351050542,525.7281912,10.25822911,83.50853212,0.242915609,-1.368891955,0.946641452,1.146647753,-0.383530299,1.0522059
3/10/2013,2013,YR2,2013-03,3,peak,7,128,4.239644792,0.064555556,0.665444444,0.063733608,226.0819116,8.701099982,26.15570684,1.291610507,0.012020045,0.127338787,0.019774004,28.00604577,0.160436487,3.645622681,0.001886721,0.023569324,1.743892944,10.8994133,4.158666788,1.602841359,11.77449586,4.311737598,426.678753,8.89872916,106.4694497,0.830749324,-1.883413477,0.747737031,0.936294365,-0.491299667,1.25055184
4/10/2013,2013,YR2,2013-04,4,peak,7,128,68.61955626,0.263033334,1.628723611,0.225649554,161.3969636,7.930545222,20.54269596,31.73312324,0.066129616,0.101837145,0.048087943,45.08660446,0.317650352,5.729383977,0.032544685,0.244381055,3.586250357,11.26430875,8.156102431,2.66507165,11.08186103,6.15738461,431.8862559,9.958082065,78.74406442,1.522983568,-1.034475709,0.659938086,0.948518231,-0.406040331,1.004237326
5/10/2013,2013,YR2,2013-05,5,peak,7,128,57.98961875,0.274983334,1.344181945,0.393480534,200.9024839,10.84954655,18.30920301,7.522368602,0.07607626,0.530242548,0.220278131,80.78034936,0.867373228,6.879537452,0.037121273,0.406131881,2.089042001,4.510142654,10.42736526,2.837646179,7.887225702,9.291733846,517.6572094,11.30398765,92.44081938,1.608406432,-0.054110548,0.167455192,1.131058074,-0.309945026,1.135182899
6/10/2013,2013,YR2,2013-06,6,peak,7,128,52.04905417,0.204055556,1.957222222,0.249678107,430.1633809,6.195697228,68.8743878,9.635818534,0.023994275,0.332667464,0.026608757,110.2337646,0.130071049,16.66151798,0.010058184,0.258364212,0.561366576,NA,13.4519625,1.325204289,4.510142654,11.93966388,439.9014382,8.31025308,80.65303158,0.571785863,0.543298018,-0.641967302,0.967047651,-0.543162355,1.023796388
7/10/2013,2013,YR2,2013-07,7,notpeak,7,128,10.45947778,0.118986111,1.727236111,0.070704408,335.8569835,6.413782278,53.19642372,7.666644714,0.017921838,0.518936994,0.045268463,38.63023469,0.227603236,7.844398397,0.003063612,0.066530963,0.407948509,NA,13.81096591,0.484657542,NA,13.63146421,397.61126,6.47676551,92.95718696,-0.797670284,0.859024164,NA,0.865196827,-0.732113707,1.139731358
